volume_usd,volume,underlying_price,underlying_index,quote_currency,price_change,open_interest,mid_price,mark_price,low,last,interest_rate,instrument_name,high,estimated_delivery_price,creation_timestamp,bid_price,base_currency,ask_price
0.0,0.0,1554.2,SYN.ETH-3NOV23,ETH,,0.0,,0.356945,,,0.0,ETH-3NOV23-1000-C,,1554.62,1697373301900,,ETH,
0.0,0.0,1553.98,ETH-27OCT23,ETH,,15800.0,,5.5e-05,,0.0001,0.0,ETH-27OCT23-2400-C,,1554.62,1697373301900,,ETH,0.0001
0.0,0.0,1573.94,ETH-29MAR24,ETH,,707.0,0.82855,0.79432,,0.7525,0.0,ETH-29MAR24-2800-P,,1554.62,1697373301900,0.0001,ETH,1.657
0.0,0.0,1573.94,ETH-29MAR24,ETH,,596.0,,0.87316,,0.872,0.0,ETH-29MAR24-200-C,,1554.62,1697373301900,0.0001,ETH,
25.96,16.0,1554.5973357272503,SYN.ETH-17OCT23,ETH,-15.3846,19.0,0.00095,0.00098,0.0008,0.0011,0.0,ETH-17OCT23-1500-P,0.0013,1554.62,1697373301900,0.0008,ETH,0.0011
0.0,0.0,1554.2,SYN.ETH-3NOV23,ETH,,1319.0,0.0022,0.002181,,0.002,0.0,ETH-3NOV23-1800-C,,1554.62,1697373301900,0.002,ETH,0.0024
0.0,0.0,1604.26,ETH-27SEP24,ETH,,0.0,,0.627275,,,0.0,ETH-27SEP24-2500-P,,1554.62,1697373301900,,ETH,
0.0,0.0,1573.94,ETH-29MAR24,ETH,,226.0,0.64455,0.428729,,0.401,0.0,ETH-29MAR24-2200-P,,1554.62,1697373301900,0.0001,ETH,1.289
886.45,91.0,1558.96,ETH-29DEC23,ETH,25.0,34925.0,0.0065,0.006483,0.006,0.0075,0.0,ETH-29DEC23-2200-C,0.0075,1554.62,1697373301900,0.006,ETH,0.007
0.0,0.0,1589.12,ETH-28JUN24,ETH,,407.0,0.67105,0.447109,,0.426,0.0,ETH-28JUN24-2200-P,,1554.62,1697373301900,0.0001,ETH,1.342
0.0,0.0,1554.626447636334,SYN.ETH-16OCT23,ETH,,0.0,0.09975,0.099462,,,0.0,ETH-16OCT23-1400-C,,1554.62,1697373301900,0.097,ETH,0.1025
48.15,1.0,1554.5973357272503,SYN.ETH-17OCT23,ETH,0.0,1.0,0.02975,0.030243,0.031,0.031,0.0,ETH-17OCT23-1600-P,0.031,1554.62,1697373301900,0.026,ETH,0.0335
1400.28,118.0,1558.96,ETH-29DEC23,ETH,0.0,36139.0,0.008,0.007984,0.0075,0.0075,0.0,ETH-29DEC23-2100-C,0.0085,1554.62,1697373301900,0.0075,ETH,0.0085
0.0,0.0,1604.23,ETH-27SEP24,ETH,,309.0,0.26125,0.26099,,0.263,0.0,ETH-27SEP24-1800-P,,1554.62,1697373301900,0.256,ETH,0.2665
144.34,48.0,1553.98,ETH-27OCT23,ETH,5.0,19074.0,0.0018,0.001785,0.0019,0.0021,0.0,ETH-27OCT23-1750-C,0.0021,1554.62,1697373301900,0.0016,ETH,0.002
0.0,0.0,1589.09,ETH-28JUN24,ETH,,120.0,0.4873,0.510089,,0.5455,0.0,ETH-28JUN24-800-C,,1554.62,1697373301900,0.0001,ETH,0.9745
0.0,0.0,1573.94,ETH-29MAR24,ETH,,475.0,0.89005,0.919253,,0.8335,0.0,ETH-29MAR24-3000-P,,1554.62,1697373301900,0.0001,ETH,1.78
0.0,0.0,1573.94,ETH-29MAR24,ETH,,511.0,0.46355,0.380619,,0.3755,0.0,ETH-29MAR24-1000-C,,1554.62,1697373301900,0.0001,ETH,0.927
0.0,0.0,1604.26,ETH-27SEP24,ETH,,438.0,0.038,0.03792,,0.036,0.0,ETH-27SEP24-3500-C,,1554.62,1697373301900,0.035,ETH,0.041
0.0,0.0,1604.23,ETH-27SEP24,ETH,,159.0,0.03025,0.030203,,0.033,0.0,ETH-27SEP24-4000-C,,1554.62,1697373301900,0.0275,ETH,0.033
0.0,0.0,1554.2,SYN.ETH-3NOV23,ETH,,0.0,0.198,0.198107,,,0.0,ETH-3NOV23-1250-C,,1554.62,1697373301900,0.1945,ETH,0.2015
0.0,0.0,1573.94,ETH-29MAR24,ETH,,1588.0,0.64775,0.313113,,0.306,0.0,ETH-29MAR24-2000-P,,1554.62,1697373301900,0.129,ETH,1.1665
57649.39,1764.0,1553.98,ETH-27OCT23,ETH,-13.0435,21442.0,0.021,0.021105,0.0195,0.02,0.0,ETH-27OCT23-1550-P,0.023,1554.62,1697373301900,0.0205,ETH,0.0215
0.0,0.0,1554.74,ETH-24NOV23,ETH,,0.0,,0.550226,,,0.0,ETH-24NOV23-700-C,,1554.62,1697373301900,,ETH,
0.0,0.0,1573.94,ETH-29MAR24,ETH,,6954.0,0.0051,0.004969,,0.0039,0.0,ETH-29MAR24-4500-C,,1554.62,1697373301901,0.0037,ETH,0.0065
0.0,0.0,1554.01,ETH-27OCT23,ETH,,946.0,,8e-06,,0.0001,0.0,ETH-27OCT23-3000-C,,1554.62,1697373301901,,ETH,0.0001
0.0,0.0,1554.5682238181669,SYN.ETH-18OCT23,ETH,,0.0,0.126,0.125951,,,0.0,ETH-18OCT23-1750-P,,1554.62,1697373301901,0.1225,ETH,0.1295
0.0,0.0,1589.09,ETH-28JUN24,ETH,,1486.0,0.02725,0.027378,,0.029,0.0,ETH-28JUN24-1000-P,,1554.62,1697373301901,0.026,ETH,0.0285
0.0,0.0,1553.98,ETH-27OCT23,ETH,,0.0,,1.574019,,,0.0,ETH-27OCT23-4000-P,,1554.62,1697373301901,,ETH,
0.0,0.0,1554.2,SYN.ETH-3NOV23,ETH,,0.0,0.23,0.229594,,,0.0,ETH-3NOV23-1200-C,,1554.62,1697373301901,0.2265,ETH,0.2335
0.0,0.0,1573.94,ETH-29MAR24,ETH,,953.0,,0.62181,,0.629,0.0,ETH-29MAR24-600-C,,1554.62,1697373301901,0.0001,ETH,
0.0,0.0,1554.626447636334,SYN.ETH-16OCT23,ETH,,0.0,0.03575,0.035427,,,0.0,ETH-16OCT23-1500-C,,1554.62,1697373301901,0.0325,ETH,0.039
0.0,0.0,1554.48,ETH-20OCT23,ETH,,2.0,0.287,0.286619,,0.3,0.0,ETH-20OCT23-2000-P,,1554.62,1697373301901,0.2835,ETH,0.2905
0.0,0.0,1589.12,ETH-28JUN24,ETH,,971.0,0.012,0.011888,,0.0115,0.0,ETH-28JUN24-5000-C,,1554.62,1697373301901,0.01,ETH,0.014
0.0,0.0,1604.26,ETH-27SEP24,ETH,,0.0,,0.91918,,,0.0,ETH-27SEP24-3000-P,,1554.62,1697373301901,,ETH,
818.99,54.0,1554.5973357272503,SYN.ETH-17OCT23,ETH,11.1111,85.0,0.009,0.009179,0.009,0.01,0.0,ETH-17OCT23-1550-C,0.0115,1554.62,1697373301901,0.0085,ETH,0.0095
0.0,0.0,1554.626447636334,SYN.ETH-16OCT23,ETH,,0.0,0.132,0.131624,,,0.0,ETH-16OCT23-1350-C,,1554.62,1697373301901,0.1295,ETH,0.1345
163.88,1.0,1554.77,ETH-24NOV23,ETH,0.0,4171.0,0.105,0.105635,0.1055,0.1055,0.0,ETH-24NOV23-1700-P,0.1055,1554.62,1697373301901,0.0995,ETH,0.1105
18639.95,147.0,1589.09,ETH-28JUN24,ETH,5.8442,4184.0,0.08025,0.080179,0.077,0.0815,0.0,ETH-28JUN24-2000-C,0.0815,1554.62,1697373301901,0.079,ETH,0.0815
0.0,0.0,1573.91,ETH-29MAR24,ETH,,7638.0,0.01625,0.015967,,0.018,0.0,ETH-29MAR24-1000-P,,1554.62,1697373301901,0.015,ETH,0.0175
37.58,86.0,1554.626447636334,SYN.ETH-16OCT23,ETH,-66.6667,290.0,0.0002,7.3e-05,0.0001,0.0001,0.0,ETH-16OCT23-1475-P,0.0003,1554.62,1697373301901,0.0001,ETH,0.0003
137.32,346.0,1554.5973357272503,SYN.ETH-17OCT23,ETH,-50.0,345.0,0.00025,0.000234,0.0002,0.0002,0.0,ETH-17OCT23-1450-P,0.0005,1554.62,1697373301901,0.0001,ETH,0.0004
0.0,0.0,1554.74,ETH-24NOV23,ETH,,1050.0,0.1645,0.164961,,0.159,0.0,ETH-24NOV23-1800-P,,1554.62,1697373301901,0.159,ETH,0.17
0.0,0.0,1554.74,ETH-24NOV23,ETH,,2935.0,0.0013,0.001278,,0.0014,0.0,ETH-24NOV23-2300-C,,1554.62,1697373301901,0.0012,ETH,0.0014
0.0,0.0,1554.77,ETH-24NOV23,ETH,,1221.0,0.134,0.134552,,0.0715,0.0,ETH-24NOV23-1750-P,,1554.62,1697373301901,0.1285,ETH,0.1395
0.0,0.0,1589.12,ETH-28JUN24,ETH,,2985.0,0.15475,0.1547,,0.1585,0.0,ETH-28JUN24-1600-P,,1554.62,1697373301901,0.1525,ETH,0.157
0.0,0.0,1554.01,ETH-27OCT23,ETH,,183.0,0.12825,0.127918,,0.1365,0.0,ETH-27OCT23-1750-P,,1554.62,1697373301901,0.125,ETH,0.1315
2496.61,90.0,1558.96,ETH-29DEC23,ETH,-7.8947,25018.0,0.01725,0.017262,0.0175,0.0175,0.0,ETH-29DEC23-1300-P,0.019,1554.62,1697373301901,0.017,ETH,0.0175
0.0,0.0,1554.48,ETH-20OCT23,ETH,,58.0,0.164,0.164404,,0.1617,0.0,ETH-20OCT23-1300-C,,1554.62,1697373301901,0.1615,ETH,0.1665
0.0,0.0,1554.01,ETH-27OCT23,ETH,,203.0,0.30205,0.351625,,0.2775,0.0,ETH-27OCT23-2100-P,,1554.62,1697373301901,0.0001,ETH,0.604
0.0,0.0,1604.26,ETH-27SEP24,ETH,,4.0,0.0245,0.024313,,0.0275,0.0,ETH-27SEP24-4500-C,,1554.62,1697373301901,0.0235,ETH,0.0255
0.0,0.0,1558.96,ETH-29DEC23,ETH,,0.0,,2.207548,,2.5,0.0,ETH-29DEC23-5000-P,,1554.62,1697373301901,,ETH,2.7775
0.0,0.0,1604.23,ETH-27SEP24,ETH,,238.0,0.115,0.114866,,0.1135,0.0,ETH-27SEP24-1400-P,,1554.62,1697373301901,0.1125,ETH,0.1175
0.0,0.0,1589.12,ETH-28JUN24,ETH,,7590.0,0.0565,0.056428,,0.0555,0.0,ETH-28JUN24-2300-C,,1554.62,1697373301901,0.054,ETH,0.059
0.0,0.0,1554.5973357272503,SYN.ETH-17OCT23,ETH,,0.0,0.0935,0.093572,,,0.0,ETH-17OCT23-1700-P,,1554.62,1697373301901,0.09,ETH,0.097
0.0,0.0,1554.5682238181669,SYN.ETH-18OCT23,ETH,,0.0,,7.4e-05,,,0.0,ETH-18OCT23-1800-C,,1554.62,1697373301901,,ETH,0.0004
0.0,0.0,1554.626447636334,SYN.ETH-16OCT23,ETH,,127.0,,0.0,,0.0003,0.0,ETH-16OCT23-1350-P,,1554.62,1697373301901,,ETH,0.0004
0.0,0.0,1554.2,SYN.ETH-3NOV23,ETH,,1.0,0.0995,0.098954,,0.1055,0.0,ETH-3NOV23-1700-P,,1554.62,1697373301901,0.0955,ETH,0.1035
0.0,0.0,1554.74,ETH-24NOV23,ETH,,0.0,0.35875,0.358907,,,0.0,ETH-24NOV23-1000-C,,1554.62,1697373301901,0.355,ETH,0.3625
7.78,41.0,1554.626447636334,SYN.ETH-16OCT23,ETH,0.0,415.0,,6.9e-05,0.0001,0.0002,0.0,ETH-16OCT23-1625-C,0.0002,1554.62,1697373301901,,ETH,0.0002
8390.39,1104.0,1554.2,SYN.ETH-3NOV23,ETH,0.0,6708.0,0.00515,0.005141,0.0045,0.0049,0.0,ETH-3NOV23-1700-C,0.005,1554.62,1697373301901,0.0048,ETH,0.0055
0.0,0.0,1589.12,ETH-28JUN24,ETH,,239.0,0.6409,0.391876,,0.374,0.0,ETH-28JUN24-2100-P,,1554.62,1697373301901,0.0018,ETH,1.28
2590.14,348.0,1554.74,ETH-24NOV23,ETH,-8.0,40032.0,0.0047,0.004686,0.0046,0.0046,0.0,ETH-24NOV23-1900-C,0.005,1554.62,1697373301901,0.0045,ETH,0.0049
0.0,0.0,1554.74,ETH-24NOV23,ETH,,0.0,,0.42232,,,0.0,ETH-24NOV23-900-C,,1554.62,1697373301901,,ETH,
122.84,112.0,1554.48,ETH-20OCT23,ETH,0.0,21378.0,0.00075,0.000749,0.0007,0.0007,0.0,ETH-20OCT23-1700-C,0.0009,1554.62,1697373301901,0.0006,ETH,0.0009
917.37,35.0,1554.2,SYN.ETH-3NOV23,ETH,-14.7059,2188.0,0.0155,0.01551,0.0145,0.0145,0.0,ETH-3NOV23-1500-P,0.0175,1554.62,1697373301901,0.015,ETH,0.016
0.0,0.0,1558.96,ETH-29DEC23,ETH,,85.0,0.66955,0.670928,,0.416,0.0,ETH-29DEC23-2600-P,,1554.62,1697373301901,0.0001,ETH,1.339
0.0,0.0,1554.2,SYN.ETH-3NOV23,ETH,,4.0,0.0012,0.001192,,0.001,0.0,ETH-3NOV23-1150-P,,1554.62,1697373301901,0.001,ETH,0.0014
0.0,0.0,1554.48,ETH-20OCT23,ETH,,2.0,0.13225,0.132365,,0.1357,0.0,ETH-20OCT23-1350-C,,1554.62,1697373301901,0.1295,ETH,0.135
0.0,0.0,1604.26,ETH-27SEP24,ETH,,343.0,0.01,0.009907,,0.011,0.0,ETH-27SEP24-600-P,,1554.62,1697373301901,0.008,ETH,0.012
0.0,0.0,1604.26,ETH-27SEP24,ETH,,436.0,0.0385,0.038565,,0.043,0.0,ETH-27SEP24-1000-P,,1554.62,1697373301901,0.0375,ETH,0.0395
0.0,0.0,1558.93,ETH-29DEC23,ETH,,802.0,0.617,0.616368,,0.6235,0.0,ETH-29DEC23-600-C,,1554.62,1697373301901,0.6135,ETH,0.6205
0.0,0.0,1554.5682238181669,SYN.ETH-18OCT23,ETH,,0.0,0.06825,0.068052,,,0.0,ETH-18OCT23-1450-C,,1554.62,1697373301903,0.065,ETH,0.0715
0.0,0.0,1558.96,ETH-29DEC23,ETH,,3556.0,0.0005,0.00047,,0.0004,0.0,ETH-29DEC23-400-P,,1554.62,1697373301903,0.0003,ETH,0.0007
24.41,54.0,1554.626447636334,SYN.ETH-16OCT23,ETH,-33.3333,118.0,,1.3e-05,0.0001,0.0002,0.0,ETH-16OCT23-1650-C,0.0003,1554.62,1697373301903,,ETH,0.0001
3178.04,134.0,1554.48,ETH-20OCT23,ETH,13.7931,3302.0,0.01525,0.015269,0.0145,0.0165,0.0,ETH-20OCT23-1550-C,0.017,1554.62,1697373301903,0.015,ETH,0.0155
0.0,0.0,1554.51,ETH-20OCT23,ETH,,0.0,,0.0,,,0.0,ETH-20OCT23-2800-C,,1554.62,1697373301903,,ETH,0.0006
0.0,0.0,1554.5682238181669,SYN.ETH-18OCT23,ETH,,0.0,0.022,0.023183,,,0.0,ETH-18OCT23-1525-C,,1554.62,1697373301903,0.0185,ETH,0.0255
15.07,47.0,1553.98,ETH-27OCT23,ETH,50.0,54623.0,0.00025,0.000265,0.0002,0.0003,0.0,ETH-27OCT23-2100-C,0.0003,1554.62,1697373301903,0.0002,ETH,0.0003
3427.67,86.0,1573.94,ETH-29MAR24,ETH,3.9216,48718.0,0.02625,0.026206,0.0255,0.0265,0.0,ETH-29MAR24-2300-C,0.0265,1554.62,1697373301903,0.026,ETH,0.0265
0.0,0.0,1573.94,ETH-29MAR24,ETH,,0.0,1.35415,1.864036,,,0.0,ETH-29MAR24-4500-P,,1554.62,1697373301903,0.0003,ETH,2.708
0.0,0.0,1589.12,ETH-28JUN24,ETH,,0.0,,1.22594,,,0.0,ETH-28JUN24-3500-P,,1554.62,1697373301903,,ETH,
0.0,0.0,1554.77,ETH-24NOV23,ETH,,10.0,0.086,0.086865,,0.075,0.0,ETH-24NOV23-1450-C,,1554.62,1697373301903,0.081,ETH,0.091
0.0,0.0,1573.94,ETH-29MAR24,ETH,,1301.0,0.00145,0.001423,,0.002,0.0,ETH-29MAR24-500-P,,1554.62,1697373301903,0.0011,ETH,0.0018
0.0,0.0,1558.93,ETH-29DEC23,ETH,,688.0,0.13075,0.128538,,0.1528,0.0,ETH-29DEC23-1400-C,,1554.62,1697373301903,0.125,ETH,0.1365
0.0,0.0,1604.26,ETH-27SEP24,ETH,,0.0,,2.754891,,,0.0,ETH-27SEP24-6000-P,,1554.62,1697373301903,,ETH,
0.0,0.0,1554.74,ETH-24NOV23,ETH,,260.0,0.17225,0.172496,,0.2258,0.0,ETH-24NOV23-1300-C,,1554.62,1697373301903,0.1675,ETH,0.177
2035.1,354.0,1554.74,ETH-24NOV23,ETH,0.0,1966.0,0.0035,0.003501,0.0037,0.0037,0.0,ETH-24NOV23-1100-P,0.0037,1554.62,1697373301903,0.0033,ETH,0.0037
0.0,0.0,1554.2,SYN.ETH-3NOV23,ETH,,0.0,0.54525,0.544439,,,0.0,ETH-3NOV23-2400-P,,1554.62,1697373301903,0.54,ETH,0.5505
0.0,0.0,1554.77,ETH-24NOV23,ETH,,0.0,,1.444295,,,0.0,ETH-24NOV23-3800-P,,1554.62,1697373301903,,ETH,
134.76,24.0,1553.98,ETH-27OCT23,ETH,-2.7027,20520.0,0.0037,0.00378,0.0035,0.0036,0.0,ETH-27OCT23-1400-P,0.0038,1554.62,1697373301903,0.0036,ETH,0.0038
0.0,0.0,1589.12,ETH-28JUN24,ETH,,9.0,,0.297008,,0.333,0.0,ETH-28JUN24-1200-C,,1554.62,1697373301903,0.0001,ETH,
2522.41,81.0,1573.94,ETH-29MAR24,ETH,0.0,15898.0,0.02075,0.020773,0.02,0.02,0.0,ETH-29MAR24-2500-C,0.0205,1554.62,1697373301903,0.0205,ETH,0.021
0.0,0.0,1558.96,ETH-29DEC23,ETH,,6315.0,,0.000226,,0.0005,0.0,ETH-29DEC23-5500-C,,1554.62,1697373301903,,ETH,0.0007
0.0,0.0,1554.48,ETH-20OCT23,ETH,,0.0,0.196,0.196301,,,0.0,ETH-20OCT23-1250-C,,1554.62,1697373301903,0.1935,ETH,0.1985
0.0,0.0,1558.93,ETH-29DEC23,ETH,,823.0,0.2415,0.241768,,0.234,0.0,ETH-29DEC23-1200-C,,1554.62,1697373301903,0.2365,ETH,0.2465
0.0,0.0,1554.5973357272503,SYN.ETH-17OCT23,ETH,,0.0,0.04575,0.045777,,,0.0,ETH-17OCT23-1625-P,,1554.62,1697373301903,0.0425,ETH,0.049
0.0,0.0,1589.09,ETH-28JUN24,ETH,,3897.0,0.01425,0.014174,,0.013,0.0,ETH-28JUN24-4500-C,,1554.62,1697373301903,0.0125,ETH,0.016
24.86,8.0,1589.12,ETH-28JUN24,ETH,0.0,1324.0,0.00165,0.001564,0.002,0.002,0.0,ETH-28JUN24-400-P,0.002,1554.62,1697373301903,0.001,ETH,0.0023
0.0,0.0,1554.2,SYN.ETH-3NOV23,ETH,,0.0,,0.801635,,,0.0,ETH-3NOV23-2800-P,,1554.62,1697373301904,,ETH,
0.0,0.0,1573.94,ETH-29MAR24,ETH,,1884.0,0.0012,0.001171,,0.0008,0.0,ETH-29MAR24-7000-C,,1554.62,1697373301904,0.0009,ETH,0.0015
0.0,0.0,1604.23,ETH-27SEP24,ETH,,0.0,,2.445135,,,0.0,ETH-27SEP24-5500-P,,1554.62,1697373301904,,ETH,
0.0,0.0,1554.77,ETH-24NOV23,ETH,,1700.0,0.06225,0.062619,,0.054,0.0,ETH-24NOV23-1500-C,,1554.62,1697373301904,0.061,ETH,0.0635
0.0,0.0,1573.94,ETH-29MAR24,ETH,,536.0,0.6141,0.370194,,0.365,0.0,ETH-29MAR24-2100-P,,1554.62,1697373301904,0.0002,ETH,1.228
4.96,32.0,1554.626447636334,SYN.ETH-16OCT23,ETH,0.0,178.0,,1e-05,0.0001,0.0001,0.0,ETH-16OCT23-1700-C,0.0001,1554.62,1697373301904,,ETH,0.0001
1921.76,246.0,1553.98,ETH-27OCT23,ETH,0.0,43942.0,0.0052,0.005173,0.0046,0.005,0.0,ETH-27OCT23-1650-C,0.0055,1554.62,1697373301904,0.0049,ETH,0.0055
19.31,7.0,1554.5682238181669,SYN.ETH-18OCT23,ETH,11.7647,7.0,0.00185,0.001875,0.0017,0.0019,0.0,ETH-18OCT23-1600-C,0.0019,1554.62,1697373301904,0.0017,ETH,0.002
0.0,0.0,1558.96,ETH-29DEC23,ETH,,5460.0,,0.000185,,0.0001,0.0,ETH-29DEC23-6000-C,,1554.62,1697373301904,,ETH,0.0007
0.0,0.0,1554.626447636334,SYN.ETH-16OCT23,ETH,,0.0,0.068,0.067317,,,0.0,ETH-16OCT23-1450-C,,1554.62,1697373301904,0.065,ETH,0.071
194.24,250.0,1554.48,ETH-20OCT23,ETH,0.0,1693.0,0.0004,0.000423,0.0005,0.0005,0.0,ETH-20OCT23-1250-P,0.0005,1554.62,1697373301904,0.0003,ETH,0.0005
0.0,0.0,1558.93,ETH-29DEC23,ETH,,10786.0,0.23075,0.231758,,0.231,0.0,ETH-29DEC23-1900-P,,1554.62,1697373301904,0.2245,ETH,0.237
6590.64,412.0,1553.98,ETH-27OCT23,ETH,-8.6957,50402.0,0.01075,0.010709,0.0095,0.0105,0.0,ETH-27OCT23-1500-P,0.0115,1554.62,1697373301904,0.0105,ETH,0.011
0.0,0.0,1554.2,SYN.ETH-3NOV23,ETH,,0.0,,0.0001,,,0.0,ETH-3NOV23-600-P,,1554.62,1697373301904,,ETH,0.0006
0.0,0.0,1554.01,ETH-27OCT23,ETH,,19.0,0.191,0.191321,,0.192,0.0,ETH-27OCT23-1850-P,,1554.62,1697373301904,0.187,ETH,0.195
0.0,0.0,1604.26,ETH-27SEP24,ETH,,174.0,0.158,0.157915,,0.1665,0.0,ETH-27SEP24-1700-C,,1554.62,1697373301904,0.156,ETH,0.16
0.0,0.0,1554.01,ETH-27OCT23,ETH,,4122.0,,2.1e-05,,0.0001,0.0,ETH-27OCT23-2600-C,,1554.62,1697373301904,,ETH,0.0001
0.0,0.0,1604.26,ETH-27SEP24,ETH,,174.0,0.074,0.073913,,0.075,0.0,ETH-27SEP24-2400-C,,1554.62,1697373301904,0.0705,ETH,0.0775
495.64,3.0,1604.23,ETH-27SEP24,ETH,0.0,296.0,0.10925,0.109355,0.1065,0.1065,0.0,ETH-27SEP24-2000-C,0.1065,1554.62,1697373301904,0.107,ETH,0.1115
556.19,3.0,1604.26,ETH-27SEP24,ETH,0.0,363.0,0.12275,0.122795,0.1195,0.1195,0.0,ETH-27SEP24-1900-C,0.1195,1554.62,1697373301904,0.1205,ETH,0.125
0.0,0.0,1554.5682238181669,SYN.ETH-18OCT23,ETH,,0.0,0.03725,0.037286,,,0.0,ETH-18OCT23-1500-C,,1554.62,1697373301904,0.033,ETH,0.0415
0.0,0.0,1604.26,ETH-27SEP24,ETH,,0.0,,0.522307,,,0.0,ETH-27SEP24-800-C,,1554.62,1697373301904,,ETH,
0.0,0.0,1604.26,ETH-27SEP24,ETH,,0.0,,1.219612,,,0.0,ETH-27SEP24-3500-P,,1554.62,1697373301904,,ETH,
44.77,72.0,1554.5682238181669,SYN.ETH-18OCT23,ETH,0.0,72.0,0.0003,0.000312,0.0004,0.0004,0.0,ETH-18OCT23-1400-P,0.0004,1554.62,1697373301904,0.0002,ETH,0.0004
872.82,66.0,1554.74,ETH-24NOV23,ETH,-5.8824,16888.0,0.00875,0.008642,0.008,0.008,0.0,ETH-24NOV23-1300-P,0.009,1554.62,1697373301904,0.0085,ETH,0.009
0.0,0.0,1554.626447636334,SYN.ETH-16OCT23,ETH,,291.0,0.0195,0.019704,,0.016,0.0,ETH-16OCT23-1525-C,,1554.62,1697373301904,0.0155,ETH,0.0235
0.0,0.0,1573.94,ETH-29MAR24,ETH,,5571.0,,0.258167,,0.26,0.0,ETH-29MAR24-1900-P,,1554.62,1697373301904,,ETH,1.1055
23402.25,1605.0,1554.74,ETH-24NOV23,ETH,-5.5556,63727.0,0.009,0.008971,0.0085,0.0085,0.0,ETH-24NOV23-1750-C,0.0095,1554.62,1697373301904,0.0085,ETH,0.0095
9812.92,77.0,1558.96,ETH-29DEC23,ETH,-1.2195,2140.0,0.08125,0.081094,0.081,0.081,0.0,ETH-29DEC23-1500-C,0.082,1554.62,1697373301904,0.08,ETH,0.0825
0.0,0.0,1554.2,SYN.ETH-3NOV23,ETH,,533.0,0.0004,0.000363,,0.0005,0.0,ETH-3NOV23-1000-P,,1554.62,1697373301904,0.0002,ETH,0.0006
6.84,26.0,1554.48,ETH-20OCT23,ETH,0.0,1626.0,0.00025,0.000224,0.0001,0.0001,0.0,ETH-20OCT23-1850-C,0.0002,1554.62,1697373301904,0.0001,ETH,0.0004
5.91,3.0,1554.5682238181669,SYN.ETH-18OCT23,ETH,-7.6923,3.0,0.0013,0.001297,0.0012,0.0012,0.0,ETH-18OCT23-1475-P,0.0013,1554.62,1697373301904,0.0011,ETH,0.0015
0.0,0.0,1554.48,ETH-20OCT23,ETH,,0.0,,0.415266,,,0.0,ETH-20OCT23-2200-P,,1554.62,1697373301904,,ETH,
0.0,0.0,1554.626447636334,SYN.ETH-16OCT23,ETH,,0.0,0.05175,0.051292,,,0.0,ETH-16OCT23-1475-C,,1554.62,1697373301904,0.049,ETH,0.0545
0.0,0.0,1589.12,ETH-28JUN24,ETH,,1426.0,,0.338761,,0.28,0.0,ETH-28JUN24-2000-P,,1554.62,1697373301904,,ETH,1.218
0.0,0.0,1554.01,ETH-27OCT23,ETH,,0.0,,1.187917,,,0.0,ETH-27OCT23-3400-P,,1554.62,1697373301904,,ETH,
162.69,95.0,1558.96,ETH-29DEC23,ETH,0.0,4796.0,0.00125,0.001244,0.0011,0.0011,0.0,ETH-29DEC23-600-P,0.0011,1554.62,1697373301904,0.0011,ETH,0.0014
0.0,0.0,1589.12,ETH-28JUN24,ETH,,38.0,0.7642,0.620168,,0.5,0.0,ETH-28JUN24-2500-P,,1554.62,1697373301904,0.0004,ETH,1.528
0.0,0.0,1573.94,ETH-29MAR24,ETH,,186.0,,0.683749,,0.697,0.0,ETH-29MAR24-500-C,,1554.62,1697373301904,0.0001,ETH,
0.0,0.0,1554.5973357272503,SYN.ETH-17OCT23,ETH,,0.0,0.0615,0.061559,,,0.0,ETH-17OCT23-1650-P,,1554.62,1697373301904,0.058,ETH,0.065
8.57,1.0,1558.96,ETH-29DEC23,ETH,0.0,16028.0,0.00525,0.00525,0.0055,0.0055,0.0,ETH-29DEC23-1000-P,0.0055,1554.62,1697373301904,0.005,ETH,0.0055
0.0,0.0,1604.26,ETH-27SEP24,ETH,,348.0,0.218,0.217594,,0.232,0.0,ETH-27SEP24-1700-P,,1554.62,1697373301904,0.2135,ETH,0.2225
4352.4,267.0,1553.98,ETH-27OCT23,ETH,4.7619,58940.0,0.0105,0.01046,0.0105,0.011,0.0,ETH-27OCT23-1600-C,0.011,1554.62,1697373301904,0.01,ETH,0.011
0.0,0.0,1604.26,ETH-27SEP24,ETH,,473.0,0.049,0.049159,,0.048,0.0,ETH-27SEP24-3000-C,,1554.62,1697373301904,0.048,ETH,0.05
0.93,1.0,1554.74,ETH-24NOV23,ETH,0.0,3863.0,0.00075,0.000714,0.0006,0.0006,0.0,ETH-24NOV23-2500-C,0.0006,1554.62,1697373301904,0.0006,ETH,0.0009
0.0,0.0,1554.01,ETH-27OCT23,ETH,,2296.0,,7e-05,,0.0003,0.0,ETH-27OCT23-800-P,,1554.62,1697373301904,,ETH,0.0004
0.0,0.0,1554.51,ETH-20OCT23,ETH,,0.0,,0.485382,,,0.0,ETH-20OCT23-800-C,,1554.62,1697373301904,,ETH,
0.0,0.0,1573.94,ETH-29MAR24,ETH,,0.0,,1.547778,,,0.0,ETH-29MAR24-4000-P,,1554.62,1697373301904,,ETH,2.398
0.0,0.0,1554.01,ETH-27OCT23,ETH,,157.0,0.103,0.102874,,0.098,0.0,ETH-27OCT23-1400-C,,1554.62,1697373301904,0.099,ETH,0.107
0.0,0.0,1554.5682238181669,SYN.ETH-18OCT23,ETH,,0.0,0.03175,0.031102,,,0.0,ETH-18OCT23-1600-P,,1554.62,1697373301904,0.0285,ETH,0.035
0.0,0.0,1554.77,ETH-24NOV23,ETH,,3335.0,0.00025,0.000213,,0.0005,0.0,ETH-24NOV23-600-P,,1554.62,1697373301904,0.0001,ETH,0.0004
0.0,0.0,1589.12,ETH-28JUN24,ETH,,1460.0,0.006,0.005979,,0.005,0.0,ETH-28JUN24-7000-C,,1554.62,1697373301904,0.0055,ETH,0.0065
859.48,260.0,1554.5682238181669,SYN.ETH-18OCT23,ETH,29.4118,260.0,0.0022,0.002187,0.0017,0.0022,0.0,ETH-18OCT23-1500-P,0.0024,1554.62,1697373301904,0.002,ETH,0.0024
306.65,6.0,1589.09,ETH-28JUN24,ETH,0.0,1405.0,0.03575,0.035674,0.033,0.033,0.0,ETH-28JUN24-2800-C,0.033,1554.62,1697373301904,0.033,ETH,0.0385
0.0,0.0,1554.2,SYN.ETH-3NOV23,ETH,,0.0,0.16675,0.166883,,,0.0,ETH-3NOV23-1300-C,,1554.62,1697373301904,0.163,ETH,0.1705
0.0,0.0,1553.98,ETH-27OCT23,ETH,,456.0,,0.0,,0.0001,0.0,ETH-27OCT23-4000-C,,1554.62,1697373301904,,ETH,0.0006
1252.5,302.0,1553.98,ETH-27OCT23,ETH,-3.4483,102989.0,0.00275,0.002704,0.0024,0.0028,0.0,ETH-27OCT23-1700-C,0.003,1554.62,1697373301904,0.0025,ETH,0.003
0.0,0.0,1558.96,ETH-29DEC23,ETH,,8.0,,0.743886,,0.79,0.0,ETH-29DEC23-400-C,,1554.62,1697373301904,0.0001,ETH,
0.0,0.0,1554.01,ETH-27OCT23,ETH,,0.0,,0.421042,,,0.0,ETH-27OCT23-900-C,,1554.62,1697373301904,,ETH,
0.0,0.0,1554.01,ETH-27OCT23,ETH,,6.0,0.32755,0.41589,,0.355,0.0,ETH-27OCT23-2200-P,,1554.62,1697373301904,0.0001,ETH,0.655
6.24,1.0,1604.23,ETH-27SEP24,ETH,0.0,76.0,0.0042,0.004008,0.004,0.004,0.0,ETH-27SEP24-400-P,0.004,1554.62,1697373301904,0.0038,ETH,0.0046
0.0,0.0,1604.26,ETH-27SEP24,ETH,,243.0,0.021,0.020979,,0.02,0.0,ETH-27SEP24-800-P,,1554.62,1697373301904,0.019,ETH,0.023
834.75,145.0,1558.93,ETH-29DEC23,ETH,0.0,87604.0,0.0038,0.003718,0.0037,0.0037,0.0,ETH-29DEC23-2500-C,0.0037,1554.62,1697373301904,0.0037,ETH,0.0039
429.8,24.0,1558.93,ETH-29DEC23,ETH,0.0,22192.0,0.0115,0.01152,0.0115,0.0115,0.0,ETH-29DEC23-1200-P,0.0115,1554.62,1697373301904,0.011,ETH,0.012
0.0,0.0,1554.01,ETH-27OCT23,ETH,,0.0,,1.445318,,,0.0,ETH-27OCT23-3800-P,,1554.62,1697373301904,,ETH,
0.0,0.0,1554.01,ETH-27OCT23,ETH,,5595.0,,1e-05,,0.0001,0.0,ETH-27OCT23-2700-C,,1554.62,1697373301904,,ETH,0.0001
85.31,50.0,1554.74,ETH-24NOV23,ETH,-18.1818,6381.0,0.0009,0.000883,0.0009,0.0009,0.0,ETH-24NOV23-2400-C,0.0011,1554.62,1697373301904,0.0007,ETH,0.0011
0.0,0.0,1604.26,ETH-27SEP24,ETH,,3.0,0.25005,0.460102,,0.374,0.0,ETH-27SEP24-2200-P,,1554.62,1697373301904,0.0001,ETH,0.5
3673.94,155.0,1554.2,SYN.ETH-3NOV23,ETH,0.0,2266.0,0.0155,0.015518,0.015,0.0155,0.0,ETH-3NOV23-1600-C,0.016,1554.62,1697373301904,0.015,ETH,0.016
0.0,0.0,1558.93,ETH-29DEC23,ETH,,130.0,0.4805,0.480747,,0.3855,0.0,ETH-29DEC23-2300-P,,1554.62,1697373301905,0.4755,ETH,0.4855
0.0,0.0,1589.12,ETH-28JUN24,ETH,,426.0,0.00605,0.005958,,0.0065,0.0,ETH-28JUN24-600-P,,1554.62,1697373301905,0.0046,ETH,0.0075
0.0,0.0,1589.12,ETH-28JUN24,ETH,,272.0,0.79505,0.678831,,0.633,0.0,ETH-28JUN24-2600-P,,1554.62,1697373301905,0.0001,ETH,1.59
0.0,0.0,1589.12,ETH-28JUN24,ETH,,0.0,,1.845984,,,0.0,ETH-28JUN24-4500-P,,1554.62,1697373301905,,ETH,
0.0,0.0,1558.93,ETH-29DEC23,ETH,,316.0,0.61105,0.543906,,0.53,0.0,ETH-29DEC23-2400-P,,1554.62,1697373301905,0.0001,ETH,1.222
0.0,0.0,1558.96,ETH-29DEC23,ETH,,5.0,0.36375,0.363789,,0.3625,0.0,ETH-29DEC23-1000-C,,1554.62,1697373301905,0.3595,ETH,0.368
0.0,0.0,1554.2,SYN.ETH-3NOV23,ETH,,148.0,0.05025,0.050377,,0.0515,0.0,ETH-3NOV23-1500-C,,1554.62,1697373301905,0.049,ETH,0.0515
0.0,0.0,1573.94,ETH-29MAR24,ETH,,411.0,,0.746656,,0.749,0.0,ETH-29MAR24-400-C,,1554.62,1697373301905,,ETH,
7703.87,129.0,1554.74,ETH-24NOV23,ETH,-1.25,11775.0,0.0395,0.039393,0.0375,0.0395,0.0,ETH-24NOV23-1550-P,0.04,1554.62,1697373301905,0.039,ETH,0.04
1042.31,28.0,1553.98,ETH-27OCT23,ETH,11.6279,2314.0,0.024,0.023686,0.0215,0.024,0.0,ETH-27OCT23-1550-C,0.0245,1554.62,1697373301905,0.0235,ETH,0.0245
0.0,0.0,1558.96,ETH-29DEC23,ETH,,0.0,,2.848954,,,0.0,ETH-29DEC23-6000-P,,1554.62,1697373301905,,ETH,3.3895
1129.68,157.0,1554.48,ETH-20OCT23,ETH,-30.0,22058.0,0.0046,0.004558,0.0042,0.0042,0.0,ETH-20OCT23-1500-P,0.006,1554.62,1697373301905,0.0045,ETH,0.0047
0.0,0.0,1589.12,ETH-28JUN24,ETH,,0.0,,0.628384,,,0.0,ETH-28JUN24-600-C,,1554.62,1697373301905,0.0001,ETH,
0.0,0.0,1554.5973357272503,SYN.ETH-17OCT23,ETH,,0.0,0.02175,0.021416,,,0.0,ETH-17OCT23-1525-C,,1554.62,1697373301905,0.018,ETH,0.0255
0.0,0.0,1573.94,ETH-29MAR24,ETH,,590.0,,0.499872,,0.5315,0.0,ETH-29MAR24-800-C,,1554.62,1697373301905,0.0001,ETH,
0.0,0.0,1554.2,SYN.ETH-3NOV23,ETH,,0.0,0.00035,0.000213,,,0.0,ETH-3NOV23-800-P,,1554.62,1697373301905,0.0001,ETH,0.0006
0.0,0.0,1554.51,ETH-20OCT23,ETH,,469.0,,1.6e-05,,0.0001,0.0,ETH-20OCT23-900-P,,1554.62,1697373301905,,ETH,0.0004
135.95,250.0,1554.51,ETH-20OCT23,ETH,0.0,5077.0,0.0003,0.000319,0.0003,0.0003,0.0,ETH-20OCT23-1200-P,0.0004,1554.62,1697373301905,0.0001,ETH,0.0005
0.0,0.0,1554.2,SYN.ETH-3NOV23,ETH,,9.0,0.0017,0.001696,,0.0035,0.0,ETH-3NOV23-1200-P,,1554.62,1697373301905,0.0015,ETH,0.0019
0.0,0.0,1604.26,ETH-27SEP24,ETH,,0.0,,1.523565,,,0.0,ETH-27SEP24-4000-P,,1554.62,1697373301905,,ETH,
9.95,5.0,1553.98,ETH-27OCT23,ETH,-25.0,51620.0,0.00125,0.001237,0.0012,0.0012,0.0,ETH-27OCT23-1800-C,0.0016,1554.62,1697373301905,0.0012,ETH,0.0013
0.0,0.0,1558.93,ETH-29DEC23,ETH,,3001.0,0.00255,0.002548,,0.0025,0.0,ETH-29DEC23-800-P,,1554.62,1697373301905,0.0024,ETH,0.0027
0.0,0.0,1589.12,ETH-28JUN24,ETH,,1073.0,0.009,0.008849,,0.0075,0.0,ETH-28JUN24-6000-C,,1554.62,1697373301905,0.007,ETH,0.011
277.43,20.0,1558.93,ETH-29DEC23,ETH,-16.6667,10997.0,0.00775,0.007753,0.0075,0.0075,0.0,ETH-29DEC23-1100-P,0.009,1554.62,1697373301905,0.0075,ETH,0.008
0.0,0.0,1604.23,ETH-27SEP24,ETH,,225.0,0.18425,0.180927,,0.178,0.0,ETH-27SEP24-1600-C,,1554.62,1697373301905,0.174,ETH,0.1945
0.0,0.0,1589.12,ETH-28JUN24,ETH,,6832.0,0.04275,0.042675,,0.0415,0.0,ETH-28JUN24-2600-C,,1554.62,1697373301905,0.0415,ETH,0.044
160.98,186.0,1554.626447636334,SYN.ETH-16OCT23,ETH,-71.4286,427.0,0.0003,0.00029,0.0002,0.0002,0.0,ETH-16OCT23-1500-P,0.0008,1554.62,1697373301905,0.0002,ETH,0.0004
18.85,41.0,1554.5682238181669,SYN.ETH-18OCT23,ETH,-33.3333,41.0,0.00015,0.000149,0.0002,0.0002,0.0,ETH-18OCT23-1700-C,0.0003,1554.62,1697373301905,0.0001,ETH,0.0002
0.0,0.0,1554.626447636334,SYN.ETH-16OCT23,ETH,,215.0,,0.0,,0.0005,0.0,ETH-16OCT23-1400-P,,1554.62,1697373301905,,ETH,0.0001
0.0,0.0,1573.94,ETH-29MAR24,ETH,,94.0,0.5065,0.172244,,0.167,0.0,ETH-29MAR24-1400-C,,1554.62,1697373301905,0.1,ETH,0.913
7.01,15.0,1554.5973357272503,SYN.ETH-17OCT23,ETH,0.0,60.0,,4.1e-05,0.0003,0.0003,0.0,ETH-17OCT23-1700-C,0.0003,1554.62,1697373301905,,ETH,0.0004
0.0,0.0,1558.93,ETH-29DEC23,ETH,,2995.0,0.0008,0.000783,,0.0007,0.0,ETH-29DEC23-500-P,,1554.62,1697373301905,0.0006,ETH,0.001
0.0,0.0,1554.01,ETH-27OCT23,ETH,,121.0,0.4888,0.801826,,0.677,0.0,ETH-27OCT23-2800-P,,1554.62,1697373301905,0.0001,ETH,0.9775
0.0,0.0,1554.2,SYN.ETH-3NOV23,ETH,,0.0,0.00045,0.00021,,,0.0,ETH-3NOV23-900-P,,1554.62,1697373301905,0.0001,ETH,0.0008
15.22,33.0,1554.48,ETH-20OCT23,ETH,-25.0,11969.0,0.00025,0.000266,0.0002,0.0003,0.0,ETH-20OCT23-1800-C,0.0004,1554.62,1697373301905,0.0001,ETH,0.0004
0.0,0.0,1589.12,ETH-28JUN24,ETH,,0.0,,2.784595,,,0.0,ETH-28JUN24-6000-P,,1554.62,1697373301905,,ETH,
5225.11,87.0,1554.01,ETH-27OCT23,ETH,-2.4096,43594.0,0.03925,0.040064,0.0365,0.0405,0.0,ETH-27OCT23-1600-P,0.0415,1554.62,1697373301905,0.0355,ETH,0.043
108.97,1.0,1589.12,ETH-28JUN24,ETH,0.0,1569.0,0.07025,0.070365,0.07,0.07,0.0,ETH-28JUN24-2100-C,0.07,1554.62,1697373301905,0.0685,ETH,0.072
0.0,0.0,1558.96,ETH-29DEC23,ETH,,928.0,0.3535,0.355052,,0.291,0.0,ETH-29DEC23-2100-P,,1554.62,1697373301905,0.347,ETH,0.36
0.0,0.0,1558.96,ETH-29DEC23,ETH,,14984.0,0.117,0.117855,,0.1215,0.0,ETH-29DEC23-1700-P,,1554.62,1697373301905,0.1105,ETH,0.1235
188.36,4.0,1573.94,ETH-29MAR24,ETH,3.3898,6086.0,0.03125,0.031268,0.0295,0.0305,0.0,ETH-29MAR24-1200-P,0.0305,1554.62,1697373301905,0.03,ETH,0.0325
292.29,139.0,1554.5973357272503,SYN.ETH-17OCT23,ETH,-9.0909,149.0,0.00105,0.001036,0.001,0.001,0.0,ETH-17OCT23-1600-C,0.0016,1554.62,1697373301905,0.0009,ETH,0.0012
0.0,0.0,1573.94,ETH-29MAR24,ETH,,2271.0,0.00185,0.001809,,0.0023,0.0,ETH-29MAR24-6000-C,,1554.62,1697373301905,0.0014,ETH,0.0023
0.0,0.0,1589.12,ETH-28JUN24,ETH,,1810.0,0.19475,0.194513,,0.1965,0.0,ETH-28JUN24-1700-P,,1554.62,1697373301905,0.1905,ETH,0.199
0.0,0.0,1589.12,ETH-28JUN24,ETH,,702.0,0.01075,0.010594,,0.0085,0.0,ETH-28JUN24-5500-C,,1554.62,1697373301905,0.0085,ETH,0.013
0.0,0.0,1573.94,ETH-29MAR24,ETH,,1157.0,0.00315,0.003019,,0.0036,0.0,ETH-29MAR24-600-P,,1554.62,1697373301905,0.002,ETH,0.0043
0.0,0.0,1573.94,ETH-29MAR24,ETH,,0.0,,2.180363,,,0.0,ETH-29MAR24-5000-P,,1554.62,1697373301905,,ETH,
0.0,0.0,1573.94,ETH-29MAR24,ETH,,34.0,0.4598,0.26885,,0.33,0.0,ETH-29MAR24-1200-C,,1554.62,1697373301905,0.0001,ETH,0.9195
297.48,194.0,1554.626447636334,SYN.ETH-16OCT23,ETH,-76.1905,712.0,0.0006,0.000649,0.0005,0.0005,0.0,ETH-16OCT23-1525-P,0.0021,1554.62,1697373301905,0.0005,ETH,0.0007
0.0,0.0,1554.77,ETH-24NOV23,ETH,,0.0,,0.737081,,,0.0,ETH-24NOV23-2700-P,,1554.62,1697373301905,,ETH,1.2105
0.0,0.0,1554.48,ETH-20OCT23,ETH,,5873.0,0.09425,0.094355,,0.0985,0.0,ETH-20OCT23-1700-P,,1554.62,1697373301905,0.0905,ETH,0.098
1132.7,27.0,1554.2,SYN.ETH-3NOV23,ETH,-8.6207,729.0,0.0265,0.026645,0.025,0.0265,0.0,ETH-3NOV23-1550-P,0.029,1554.62,1697373301905,0.026,ETH,0.027
0.0,0.0,1554.51,ETH-20OCT23,ETH,,0.0,,0.0,,,0.0,ETH-20OCT23-3000-C,,1554.62,1697373301906,,ETH,0.0006
0.0,0.0,1554.5682238181669,SYN.ETH-18OCT23,ETH,,0.0,0.00075,0.000788,,,0.0,ETH-18OCT23-1450-P,,1554.62,1697373301906,0.0006,ETH,0.0009
76.9,13.0,1554.5682238181669,SYN.ETH-18OCT23,ETH,7.8947,13.0,0.0042,0.004168,0.0035,0.0041,0.0,ETH-18OCT23-1525-P,0.0041,1554.62,1697373301906,0.004,ETH,0.0044
0.0,0.0,1554.5973357272503,SYN.ETH-17OCT23,ETH,,0.0,0.068,0.067517,,,0.0,ETH-17OCT23-1450-C,,1554.62,1697373301906,0.065,ETH,0.071
0.0,0.0,1554.74,ETH-24NOV23,ETH,,1563.0,0.0005,0.00046,,0.001,0.0,ETH-24NOV23-700-P,,1554.62,1697373301906,0.0003,ETH,0.0007
0.0,0.0,1573.94,ETH-29MAR24,ETH,,327.0,0.76705,0.671121,,0.637,0.0,ETH-29MAR24-2600-P,,1554.62,1697373301906,0.0001,ETH,1.534
0.0,0.0,1554.77,ETH-24NOV23,ETH,,0.0,,0.480616,,,0.0,ETH-24NOV23-2300-P,,1554.62,1697373301906,,ETH,0.9875
0.0,0.0,1554.2,SYN.ETH-3NOV23,ETH,,0.0,0.16075,0.160334,,,0.0,ETH-3NOV23-1800-P,,1554.62,1697373301906,0.157,ETH,0.1645
0.0,0.0,1604.26,ETH-27SEP24,ETH,,0.0,,0.56993,,,0.0,ETH-27SEP24-2400-P,,1554.62,1697373301906,,ETH,
0.0,0.0,1554.5682238181669,SYN.ETH-18OCT23,ETH,,0.0,0.06225,0.06188,,,0.0,ETH-18OCT23-1650-P,,1554.62,1697373301906,0.059,ETH,0.0655
0.0,0.0,1558.96,ETH-29DEC23,ETH,,6967.0,0.00035,0.00024,,0.0006,0.0,ETH-29DEC23-5000-C,,1554.62,1697373301906,0.0001,ETH,0.0006
252145.27,6280.0,1558.93,ETH-29DEC23,ETH,7.8431,76069.0,0.0275,0.027374,0.0255,0.0275,0.0,ETH-29DEC23-1700-C,0.028,1554.62,1697373301906,0.027,ETH,0.028
0.0,0.0,1589.12,ETH-28JUN24,ETH,,0.0,,0.749848,,,0.0,ETH-28JUN24-400-C,,1554.62,1697373301906,0.0001,ETH,
0.0,0.0,1554.77,ETH-24NOV23,ETH,,645.0,0.00035,0.000269,,0.0004,0.0,ETH-24NOV23-3400-C,,1554.62,1697373301906,0.0001,ETH,0.0006
4154.01,140.0,1554.74,ETH-24NOV23,ETH,-2.5641,10014.0,0.0195,0.019487,0.019,0.019,0.0,ETH-24NOV23-1450-P,0.0195,1554.62,1697373301906,0.019,ETH,0.02
0.0,0.0,1554.01,ETH-27OCT23,ETH,,2645.0,,1e-06,,0.0002,0.0,ETH-27OCT23-600-P,,1554.62,1697373301906,,ETH,0.0003
22.56,1.0,1604.26,ETH-27SEP24,ETH,0.0,351.0,0.01675,0.016763,0.0145,0.0145,0.0,ETH-27SEP24-5500-C,0.0145,1554.62,1697373301906,0.015,ETH,0.0185
0.0,0.0,1558.96,ETH-29DEC23,ETH,,38.0,0.9358,1.246081,,1.0715,0.0,ETH-29DEC23-3500-P,,1554.62,1697373301906,0.0001,ETH,1.8715
0.0,0.0,1604.26,ETH-27SEP24,ETH,,294.0,0.1445,0.144466,,0.15,0.0,ETH-27SEP24-1500-P,,1554.62,1697373301906,0.1415,ETH,0.1475
0.0,0.0,1554.01,ETH-27OCT23,ETH,,0.0,,1.316617,,,0.0,ETH-27OCT23-3600-P,,1554.62,1697373301906,,ETH,
0.0,0.0,1589.12,ETH-28JUN24,ETH,,661.0,0.008,0.007829,,0.0065,0.0,ETH-28JUN24-6500-C,,1554.62,1697373301906,0.006,ETH,0.01
0.0,0.0,1558.93,ETH-29DEC23,ETH,,41862.0,0.00175,0.00173,,0.0021,0.0,ETH-29DEC23-3000-C,,1554.62,1697373301906,0.0015,ETH,0.002
729.41,22.0,1589.12,ETH-28JUN24,ETH,2.381,4456.0,0.02325,0.023421,0.021,0.0215,0.0,ETH-28JUN24-3500-C,0.0215,1554.62,1697373301906,0.022,ETH,0.0245
0.0,0.0,1573.94,ETH-29MAR24,ETH,,2911.0,0.295,0.159842,,0.175,0.0,ETH-29MAR24-1700-P,,1554.62,1697373301906,0.09,ETH,0.5
5629.17,52.0,1589.12,ETH-28JUN24,ETH,0.0,2882.0,0.0705,0.070515,0.0695,0.0695,0.0,ETH-28JUN24-1300-P,0.0695,1554.62,1697373301906,0.0685,ETH,0.0725
0.0,0.0,1589.12,ETH-28JUN24,ETH,,1535.0,0.0135,0.013522,,0.0125,0.0,ETH-28JUN24-800-P,,1554.62,1697373301906,0.012,ETH,0.015
1258.88,110.0,1554.5973357272503,SYN.ETH-17OCT23,ETH,-26.6667,140.0,0.00625,0.00623,0.005,0.0055,0.0,ETH-17OCT23-1550-P,0.0075,1554.62,1697373301906,0.006,ETH,0.0065
0.0,0.0,1573.94,ETH-29MAR24,ETH,,16.0,0.67505,0.487507,,0.455,0.0,ETH-29MAR24-2300-P,,1554.62,1697373301906,0.0001,ETH,1.35
0.0,0.0,1589.12,ETH-28JUN24,ETH,,142.0,0.48585,0.398087,,0.437,0.0,ETH-28JUN24-1000-C,,1554.62,1697373301906,0.0002,ETH,0.9715
0.0,0.0,1554.2,SYN.ETH-3NOV23,ETH,,0.0,,0.293083,,,0.0,ETH-3NOV23-1100-C,,1554.62,1697373301906,,ETH,
0.0,0.0,1554.5682238181669,SYN.ETH-18OCT23,ETH,,0.0,0.05275,0.052479,,,0.0,ETH-18OCT23-1475-C,,1554.62,1697373301906,0.0495,ETH,0.056
0.0,0.0,1554.77,ETH-24NOV23,ETH,,0.0,,1.058518,,,0.0,ETH-24NOV23-3200-P,,1554.62,1697373301906,,ETH,
647.47,169.0,1554.48,ETH-20OCT23,ETH,-18.5185,10445.0,0.0023,0.002276,0.0019,0.0022,0.0,ETH-20OCT23-1450-P,0.0028,1554.62,1697373301906,0.0022,ETH,0.0024
920.69,20.0,1554.2,SYN.ETH-3NOV23,ETH,1.7241,1466.0,0.02925,0.029328,0.029,0.0295,0.0,ETH-3NOV23-1550-C,0.03,1554.62,1697373301906,0.029,ETH,0.0295
0.47,1.0,1554.01,ETH-27OCT23,ETH,0.0,29300.0,0.0002,0.000179,0.0003,0.0003,0.0,ETH-27OCT23-2200-C,0.0003,1554.62,1697373301906,0.0001,ETH,0.0003
836.78,30.0,1554.626447636334,SYN.ETH-16OCT23,ETH,0.0,134.0,0.01375,0.014124,0.018,0.018,0.0,ETH-16OCT23-1575-P,0.018,1554.62,1697373301906,0.01,ETH,0.0175
25.48,20.0,1554.48,ETH-20OCT23,ETH,-30.0,3157.0,0.0008,0.000817,0.0007,0.0007,0.0,ETH-20OCT23-1350-P,0.001,1554.62,1697373301906,0.0007,ETH,0.0009
27464.54,204.0,1573.94,ETH-29MAR24,ETH,0.0,14211.0,0.08625,0.086317,0.082,0.0875,0.0,ETH-29MAR24-1500-P,0.0875,1554.62,1697373301906,0.085,ETH,0.0875
0.0,0.0,1554.01,ETH-27OCT23,ETH,,733.0,,1.2e-05,,0.0001,0.0,ETH-27OCT23-2900-C,,1554.62,1697373301906,,ETH,0.0001
10.58,10.0,1553.98,ETH-27OCT23,ETH,-22.2222,72453.0,0.00065,0.000635,0.0006,0.0007,0.0,ETH-27OCT23-1900-C,0.0009,1554.62,1697373301906,0.0005,ETH,0.0008
195.82,26.0,1554.5682238181669,SYN.ETH-18OCT23,ETH,17.5,26.0,0.0047,0.004754,0.004,0.0047,0.0,ETH-18OCT23-1575-C,0.005,1554.62,1697373301906,0.0045,ETH,0.0049
213.22,2.0,1554.48,ETH-20OCT23,ETH,1.4706,1.0,0.0685,0.069495,0.068,0.069,0.0,ETH-20OCT23-1450-C,0.069,1554.62,1697373301906,0.0665,ETH,0.0705
0.0,0.0,1573.94,ETH-29MAR24,ETH,,401.0,0.1345,0.133294,,0.13,0.0,ETH-29MAR24-1500-C,,1554.62,1697373301906,0.1315,ETH,0.1375
0.0,0.0,1554.48,ETH-20OCT23,ETH,,0.0,,0.801234,,,0.0,ETH-20OCT23-2800-P,,1554.62,1697373301906,,ETH,
15699.45,242.0,1554.74,ETH-24NOV23,ETH,6.0976,2602.0,0.0425,0.042455,0.041,0.0435,0.0,ETH-24NOV23-1550-C,0.0435,1554.62,1697373301906,0.042,ETH,0.043
847.1,11.0,1573.94,ETH-29MAR24,ETH,0.0,40338.0,0.051,0.051006,0.0495,0.0495,0.0,ETH-29MAR24-1900-C,0.0495,1554.62,1697373301906,0.0495,ETH,0.0525
28630.54,425.0,1573.94,ETH-29MAR24,ETH,7.4074,51737.0,0.0425,0.042416,0.0405,0.0435,0.0,ETH-29MAR24-2000-C,0.0435,1554.62,1697373301906,0.041,ETH,0.044
0.0,0.0,1558.96,ETH-29DEC23,ETH,,514.0,0.48875,0.48938,,0.5021,0.0,ETH-29DEC23-800-C,,1554.62,1697373301906,0.485,ETH,0.4925
0.0,0.0,1558.93,ETH-29DEC23,ETH,,2144.0,0.6403,0.607372,,0.477,0.0,ETH-29DEC23-2500-P,,1554.62,1697373301906,0.0001,ETH,1.2805
594.77,497.0,1554.48,ETH-20OCT23,ETH,-12.5,2603.0,0.0007,0.00069,0.0006,0.0007,0.0,ETH-20OCT23-1300-P,0.0008,1554.62,1697373301906,0.0006,ETH,0.0008
0.0,0.0,1589.12,ETH-28JUN24,ETH,,6037.0,0.57805,0.287841,,0.2825,0.0,ETH-28JUN24-1900-P,,1554.62,1697373301906,0.0001,ETH,1.156
0.0,0.0,1604.23,ETH-27SEP24,ETH,,0.0,,2.136771,,,0.0,ETH-27SEP24-5000-P,,1554.62,1697373301907,,ETH,
0.31,1.0,1554.01,ETH-27OCT23,ETH,0.0,29996.0,,0.000131,0.0002,0.0002,0.0,ETH-27OCT23-2300-C,0.0002,1554.62,1697373301907,,ETH,0.0003
0.0,0.0,1554.48,ETH-20OCT23,ETH,,0.0,,0.292551,,,0.0,ETH-20OCT23-1100-C,,1554.62,1697373301907,,ETH,
0.0,0.0,1554.74,ETH-24NOV23,ETH,,110.0,0.11325,0.114035,,0.1112,0.0,ETH-24NOV23-1400-C,,1554.62,1697373301907,0.1085,ETH,0.118
0.0,0.0,1554.5682238181669,SYN.ETH-18OCT23,ETH,,0.0,0.132,0.131844,,,0.0,ETH-18OCT23-1350-C,,1554.62,1697373301907,0.129,ETH,0.135
0.0,0.0,1554.2,SYN.ETH-3NOV23,ETH,,0.0,0.07,0.070024,,,0.0,ETH-3NOV23-1650-P,,1554.62,1697373301907,0.065,ETH,0.075
0.0,0.0,1554.77,ETH-24NOV23,ETH,,0.0,0.296,0.295993,,,0.0,ETH-24NOV23-1100-C,,1554.62,1697373301907,0.292,ETH,0.3
0.0,0.0,1589.12,ETH-28JUN24,ETH,,1305.0,0.1505,0.147834,,0.149,0.0,ETH-28JUN24-1600-C,,1554.62,1697373301907,0.147,ETH,0.154
0.0,0.0,1554.74,ETH-24NOV23,ETH,,0.0,,0.416739,,,0.0,ETH-24NOV23-2200-P,,1554.62,1697373301907,,ETH,0.9325
0.0,0.0,1554.01,ETH-27OCT23,ETH,,880.0,,0.0,,0.0003,0.0,ETH-27OCT23-3800-C,,1554.62,1697373301907,,ETH,0.0006
7373.69,209.0,1573.94,ETH-29MAR24,ETH,2.2222,5186.0,0.024,0.023972,0.0225,0.023,0.0,ETH-29MAR24-2400-C,0.023,1554.62,1697373301907,0.023,ETH,0.025
0.0,0.0,1604.26,ETH-27SEP24,ETH,,114.0,,0.307142,,0.3095,0.0,ETH-27SEP24-1900-P,,1554.62,1697373301907,,ETH,0.34
867.78,31.0,1573.94,ETH-29MAR24,ETH,-2.7778,7668.0,0.01925,0.019216,0.0175,0.0175,0.0,ETH-29MAR24-2600-C,0.0185,1554.62,1697373301907,0.018,ETH,0.0205
0.0,0.0,1558.93,ETH-29DEC23,ETH,,24069.0,0.0004,0.000359,,0.0008,0.0,ETH-29DEC23-4500-C,,1554.62,1697373301907,0.0002,ETH,0.0006
0.0,0.0,1589.12,ETH-28JUN24,ETH,,0.0,,3.411015,,,0.0,ETH-28JUN24-7000-P,,1554.62,1697373301907,,ETH,
0.0,0.0,1558.93,ETH-29DEC23,ETH,,23743.0,0.00315,0.003129,,0.003,0.0,ETH-29DEC23-2600-C,,1554.62,1697373301907,0.0029,ETH,0.0034
199.04,9.0,1604.26,ETH-27SEP24,ETH,-17.2414,559.0,0.01475,0.014849,0.012,0.012,0.0,ETH-27SEP24-6000-C,0.0145,1554.62,1697373301907,0.0125,ETH,0.017
0.0,0.0,1604.26,ETH-27SEP24,ETH,,0.0,,0.87585,,,0.0,ETH-27SEP24-200-C,,1554.62,1697373301907,,ETH,
0.0,0.0,1553.98,ETH-27OCT23,ETH,,0.0,,0.737473,,,0.0,ETH-27OCT23-2700-P,,1554.62,1697373301907,,ETH,0.922
0.0,0.0,1589.12,ETH-28JUN24,ETH,,0.0,,3.09822,,,0.0,ETH-28JUN24-6500-P,,1554.62,1697373301907,,ETH,
0.0,0.0,1558.96,ETH-29DEC23,ETH,,0.0,1.086,1.566467,,,0.0,ETH-29DEC23-4000-P,,1554.62,1697373301907,0.0005,ETH,2.1715
0.0,0.0,1589.12,ETH-28JUN24,ETH,,6960.0,0.05075,0.050674,,0.05,0.0,ETH-28JUN24-2400-C,,1554.62,1697373301907,0.049,ETH,0.0525
0.0,0.0,1554.74,ETH-24NOV23,ETH,,1504.0,0.0012,0.001191,,0.0017,0.0,ETH-24NOV23-900-P,,1554.62,1697373301907,0.001,ETH,0.0014
0.0,0.0,1589.12,ETH-28JUN24,ETH,,1625.0,0.06275,0.062668,,0.062,0.0,ETH-28JUN24-2200-C,,1554.62,1697373301907,0.0605,ETH,0.065
0.0,0.0,1554.74,ETH-24NOV23,ETH,,1644.0,0.0004,0.000329,,0.0005,0.0,ETH-24NOV23-2800-C,,1554.62,1697373301907,0.0003,ETH,0.0005
0.0,0.0,1554.48,ETH-20OCT23,ETH,,0.0,0.222,0.222347,,,0.0,ETH-20OCT23-1900-P,,1554.62,1697373301907,0.218,ETH,0.226
0.0,0.0,1554.01,ETH-27OCT23,ETH,,1081.0,,1.3e-05,,0.0001,0.0,ETH-27OCT23-2800-C,,1554.62,1697373301907,,ETH,0.0001
0.0,0.0,1554.5682238181669,SYN.ETH-18OCT23,ETH,,0.0,,0.000237,,,0.0,ETH-18OCT23-1750-C,,1554.62,1697373301907,,ETH,0.0003
0.0,0.0,1554.5973357272503,SYN.ETH-17OCT23,ETH,,0.0,0.09925,0.099536,,,0.0,ETH-17OCT23-1400-C,,1554.62,1697373301907,0.096,ETH,0.1025
0.0,0.0,1553.98,ETH-27OCT23,ETH,,633.0,,0.0,,0.0001,0.0,ETH-27OCT23-3600-C,,1554.62,1697373301907,,ETH,0.0006
0.0,0.0,1573.94,ETH-29MAR24,ETH,,3287.0,,0.206806,,0.207,0.0,ETH-29MAR24-1800-P,,1554.62,1697373301907,,ETH,1.045
0.0,0.0,1554.48,ETH-20OCT23,ETH,,345.0,,1.1e-05,,0.0001,0.0,ETH-20OCT23-2200-C,,1554.62,1697373301907,,ETH,0.0001
0.0,0.0,1604.23,ETH-27SEP24,ETH,,0.0,,0.415224,,,0.0,ETH-27SEP24-1000-C,,1554.62,1697373301907,,ETH,
651.51,93.0,1554.2,SYN.ETH-3NOV23,ETH,2.2222,474.0,0.0047,0.004719,0.0045,0.0046,0.0,ETH-3NOV23-1350-P,0.0047,1554.62,1697373301907,0.0046,ETH,0.0048
0.0,0.0,1573.94,ETH-29MAR24,ETH,,0.0,,2.813898,,,0.0,ETH-29MAR24-6000-P,,1554.62,1697373301907,,ETH,
1403.19,9.0,1573.94,ETH-29MAR24,ETH,-1.4778,2995.0,0.1025,0.102127,0.1,0.1,0.0,ETH-29MAR24-1600-C,0.1015,1554.62,1697373301907,0.101,ETH,0.104
0.0,0.0,1589.12,ETH-28JUN24,ETH,,4653.0,0.0935,0.093409,,0.0905,0.0,ETH-28JUN24-1400-P,,1554.62,1697373301907,0.0915,ETH,0.0955
937.45,235.0,1558.93,ETH-29DEC23,ETH,4.0,15654.0,0.0023,0.002292,0.0025,0.0026,0.0,ETH-29DEC23-2800-C,0.0026,1554.62,1697373301907,0.0021,ETH,0.0025
0.0,0.0,1558.96,ETH-29DEC23,ETH,,20163.0,0.0007,0.000621,,0.0006,0.0,ETH-29DEC23-4000-C,,1554.62,1697373301907,0.0005,ETH,0.0009
0.0,0.0,1554.01,ETH-27OCT23,ETH,,730.0,0.0002,0.000196,,0.0004,0.0,ETH-27OCT23-900-P,,1554.62,1697373301907,0.0001,ETH,0.0003
475.71,5.0,1573.94,ETH-29MAR24,ETH,2.4793,19625.0,0.06175,0.061732,0.0605,0.062,0.0,ETH-29MAR24-1400-P,0.062,1554.62,1697373301907,0.0605,ETH,0.063
0.0,0.0,1554.77,ETH-24NOV23,ETH,,193.0,0.00045,0.000309,,0.0003,0.0,ETH-24NOV23-3200-C,,1554.62,1697373301907,0.0001,ETH,0.0008
13593.54,82.0,1589.12,ETH-28JUN24,ETH,2.4038,7657.0,0.107,0.106911,0.104,0.1065,0.0,ETH-28JUN24-1800-C,0.1065,1554.62,1697373301907,0.106,ETH,0.108
0.0,0.0,1554.77,ETH-24NOV23,ETH,,287.0,,0.000172,,0.0005,0.0,ETH-24NOV23-3600-C,,1554.62,1697373301907,,ETH,0.0005
0.0,0.0,1554.77,ETH-24NOV23,ETH,,398.0,,0.000172,,0.0005,0.0,ETH-24NOV23-3800-C,,1554.62,1697373301907,,ETH,0.0005
0.0,0.0,1589.12,ETH-28JUN24,ETH,,31.0,0.4831,0.212401,,0.2635,0.0,ETH-28JUN24-1400-C,,1554.62,1697373301907,0.0002,ETH,0.966
385.8,2.0,1589.12,ETH-28JUN24,ETH,-1.2,2362.0,0.12475,0.124718,0.1235,0.1235,0.0,ETH-28JUN24-1700-C,0.125,1554.62,1697373301907,0.123,ETH,0.1265
0.0,0.0,1554.2,SYN.ETH-3NOV23,ETH,,1.0,0.28825,0.287573,,0.2975,0.0,ETH-3NOV23-2000-P,,1554.62,1697373301907,0.2845,ETH,0.292
0.0,0.0,1589.12,ETH-28JUN24,ETH,,0.0,,2.471694,,,0.0,ETH-28JUN24-5500-P,,1554.62,1697373301907,,ETH,
0.0,0.0,1554.01,ETH-27OCT23,ETH,,0.0,,1.059218,,,0.0,ETH-27OCT23-3200-P,,1554.62,1697373301907,,ETH,
1271.39,412.0,1553.98,ETH-27OCT23,ETH,25.0,18876.0,0.0018,0.001798,0.0016,0.002,0.0,ETH-27OCT23-1300-P,0.002,1554.62,1697373301907,0.0016,ETH,0.002
0.0,0.0,1558.96,ETH-29DEC23,ETH,,45.0,1.54155,2.528264,,1.7955,0.0,ETH-29DEC23-5500-P,,1554.62,1697373301907,0.0001,ETH,3.083
0.0,0.0,1554.77,ETH-24NOV23,ETH,,711.0,0.29025,0.289659,,0.19,0.0,ETH-24NOV23-2000-P,,1554.62,1697373301907,0.286,ETH,0.2945
1538.33,180.0,1554.74,ETH-24NOV23,ETH,0.0,16168.0,0.00575,0.005758,0.0055,0.0055,0.0,ETH-24NOV23-1200-P,0.0055,1554.62,1697373301907,0.0055,ETH,0.006
0.0,0.0,1573.94,ETH-29MAR24,ETH,,0.0,,2.497151,,,0.0,ETH-29MAR24-5500-P,,1554.62,1697373301907,,ETH,
0.0,0.0,1554.2,SYN.ETH-3NOV23,ETH,,0.0,,0.261261,,,0.0,ETH-3NOV23-1150-C,,1554.62,1697373301907,,ETH,
0.0,0.0,1558.96,ETH-29DEC23,ETH,,27830.0,0.001,0.000966,,0.0012,0.0,ETH-29DEC23-3500-C,,1554.62,1697373301907,0.0007,ETH,0.0013
0.0,0.0,1553.98,ETH-27OCT23,ETH,,0.0,0.357,0.356887,,0.3855,0.0,ETH-27OCT23-1000-C,,1554.62,1697373301908,0.354,ETH,0.36
0.0,0.0,1554.626447636334,SYN.ETH-16OCT23,ETH,,110.0,,0.0,,0.0001,0.0,ETH-16OCT23-1750-C,,1554.62,1697373301908,,ETH,0.0001
7.0,45.0,1554.48,ETH-20OCT23,ETH,0.0,3188.0,,0.000178,0.0001,0.0001,0.0,ETH-20OCT23-1100-P,0.0001,1554.62,1697373301908,,ETH,0.0003
1840.53,97.0,1554.74,ETH-24NOV23,ETH,4.1667,171001.0,0.01225,0.012214,0.011,0.0125,0.0,ETH-24NOV23-1700-C,0.0125,1554.62,1697373301908,0.012,ETH,0.0125
0.0,0.0,1558.96,ETH-29DEC23,ETH,,125.0,0.72805,0.798384,,0.788,0.0,ETH-29DEC23-2800-P,,1554.62,1697373301908,0.0001,ETH,1.456
0.0,0.0,1554.5973357272503,SYN.ETH-17OCT23,ETH,,0.0,0.126,0.125727,,,0.0,ETH-17OCT23-1750-P,,1554.62,1697373301908,0.123,ETH,0.129
0.0,0.0,1573.94,ETH-29MAR24,ETH,,16735.0,0.063,0.063179,,0.0585,0.0,ETH-29MAR24-1800-C,,1554.62,1697373301908,0.0615,ETH,0.0645
412.29,9.0,1589.12,ETH-28JUN24,ETH,3.4483,9535.0,0.03125,0.03141,0.0285,0.03,0.0,ETH-28JUN24-3000-C,0.03,1554.62,1697373301908,0.0295,ETH,0.033
0.0,0.0,1554.01,ETH-27OCT23,ETH,,3200.0,,0.613898,,0.6205,0.0,ETH-27OCT23-600-C,,1554.62,1697373301908,0.0001,ETH,
6352.24,93.0,1558.93,ETH-29DEC23,ETH,-4.4444,31283.0,0.04325,0.043281,0.0425,0.043,0.0,ETH-29DEC23-1500-P,0.045,1554.62,1697373301908,0.0425,ETH,0.044
0.0,0.0,1604.26,ETH-27SEP24,ETH,,96.0,0.08875,0.088753,,0.091,0.0,ETH-27SEP24-2200-C,,1554.62,1697373301908,0.086,ETH,0.0915
0.0,0.0,1553.98,ETH-27OCT23,ETH,,0.0,0.2925,0.29274,,,0.0,ETH-27OCT23-1100-C,,1554.62,1697373301908,0.29,ETH,0.295
0.0,0.0,1558.96,ETH-29DEC23,ETH,,0.0,,0.87172,,,0.0,ETH-29DEC23-200-C,,1554.62,1697373301908,0.001,ETH,
29.24,100.0,1554.5973357272503,SYN.ETH-17OCT23,ETH,-66.6667,99.0,0.0002,0.00019,0.0001,0.0001,0.0,ETH-17OCT23-1650-C,0.0003,1554.62,1697373301908,0.0001,ETH,0.0003
0.0,0.0,1553.98,ETH-27OCT23,ETH,,205.0,0.16525,0.165242,,0.166,0.0,ETH-27OCT23-1300-C,,1554.62,1697373301908,0.162,ETH,0.1685
0.0,0.0,1554.2,SYN.ETH-3NOV23,ETH,,125.0,,0.000119,,0.0002,0.0,ETH-3NOV23-2600-C,,1554.62,1697373301908,,ETH,0.0003
597.69,26.0,1554.74,ETH-24NOV23,ETH,-3.3333,21447.0,0.0145,0.014499,0.014,0.0145,0.0,ETH-24NOV23-1400-P,0.015,1554.62,1697373301908,0.014,ETH,0.015
1.54,5.0,1554.2,SYN.ETH-3NOV23,ETH,0.0,28.0,0.00035,0.000274,0.0002,0.0002,0.0,ETH-3NOV23-2200-C,0.0002,1554.62,1697373301908,0.0002,ETH,0.0005
0.0,0.0,1554.01,ETH-27OCT23,ETH,,0.0,,0.485266,,,0.0,ETH-27OCT23-800-C,,1554.62,1697373301908,,ETH,
0.0,0.0,1554.01,ETH-27OCT23,ETH,,70.0,0.073,0.073014,,0.079,0.0,ETH-27OCT23-1450-C,,1554.62,1697373301908,0.069,ETH,0.077
0.0,0.0,1554.48,ETH-20OCT23,ETH,,866.0,,0.0,,0.0003,0.0,ETH-20OCT23-2400-C,,1554.62,1697373301908,,ETH,0.0006
1318.91,26.0,1554.51,ETH-20OCT23,ETH,-7.1429,13611.0,0.0345,0.033485,0.0325,0.0325,0.0,ETH-20OCT23-1600-P,0.035,1554.62,1697373301908,0.0315,ETH,0.0375
1976.59,98.0,1554.48,ETH-20OCT23,ETH,-13.7931,8838.0,0.0125,0.012375,0.011,0.0125,0.0,ETH-20OCT23-1550-P,0.0145,1554.62,1697373301908,0.012,ETH,0.013
3.43,1.0,1554.74,ETH-24NOV23,ETH,0.0,1483.0,0.0021,0.002097,0.0022,0.0022,0.0,ETH-24NOV23-1000-P,0.0022,1554.62,1697373301908,0.0019,ETH,0.0023
0.0,0.0,1554.74,ETH-24NOV23,ETH,,87.0,0.63355,0.801261,,0.703,0.0,ETH-24NOV23-2800-P,,1554.62,1697373301908,0.0001,ETH,1.267
1.56,2.0,1554.74,ETH-24NOV23,ETH,50.0,545.0,0.0005,0.000467,0.0004,0.0006,0.0,ETH-24NOV23-2700-C,0.0006,1554.62,1697373301908,0.0003,ETH,0.0007
52.88,1.0,1573.94,ETH-29MAR24,ETH,0.0,12749.0,0.036,0.035963,0.034,0.034,0.0,ETH-29MAR24-2100-C,0.034,1554.62,1697373301908,0.0345,ETH,0.0375
0.0,0.0,1554.51,ETH-20OCT23,ETH,,0.0,0.101,0.100684,,,0.0,ETH-20OCT23-1400-C,,1554.62,1697373301908,0.098,ETH,0.104
30.41,8.0,1554.74,ETH-24NOV23,ETH,8.3333,14754.0,0.00225,0.002309,0.0024,0.0026,0.0,ETH-24NOV23-2100-C,0.0026,1554.62,1697373301908,0.0022,ETH,0.0023
0.0,0.0,1554.2,SYN.ETH-3NOV23,ETH,,0.0,0.22425,0.223734,,,0.0,ETH-3NOV23-1900-P,,1554.62,1697373301908,0.2205,ETH,0.228
0.0,0.0,1554.01,ETH-27OCT23,ETH,,2490.0,0.22375,0.223294,,0.2369,0.0,ETH-27OCT23-1900-P,,1554.62,1697373301908,0.219,ETH,0.2285
186.74,10.0,1554.5682238181669,SYN.ETH-18OCT23,ETH,0.0,10.0,0.0115,0.011559,0.012,0.012,0.0,ETH-18OCT23-1550-C,0.012,1554.62,1697373301908,0.011,ETH,0.012
0.0,0.0,1554.2,SYN.ETH-3NOV23,ETH,,306.0,0.00125,0.001239,,0.0016,0.0,ETH-3NOV23-1900-C,,1554.62,1697373301908,0.0011,ETH,0.0014
0.0,0.0,1554.5682238181669,SYN.ETH-18OCT23,ETH,,0.0,0.0465,0.046237,,,0.0,ETH-18OCT23-1625-P,,1554.62,1697373301908,0.043,ETH,0.05
0.0,0.0,1554.51,ETH-20OCT23,ETH,,0.0,,0.356724,,,0.0,ETH-20OCT23-1000-C,,1554.62,1697373301908,,ETH,
0.0,0.0,1554.77,ETH-24NOV23,ETH,,6567.0,0.0785,0.079211,,0.0815,0.0,ETH-24NOV23-1650-P,,1554.62,1697373301908,0.073,ETH,0.084
0.0,0.0,1589.12,ETH-28JUN24,ETH,,13597.0,0.05225,0.052157,,0.049,0.0,ETH-28JUN24-1200-P,,1554.62,1697373301908,0.0505,ETH,0.054
3.42,1.0,1554.2,SYN.ETH-3NOV23,ETH,0.0,308.0,0.0023,0.00238,0.0022,0.0022,0.0,ETH-3NOV23-1250-P,0.0022,1554.62,1697373301908,0.0022,ETH,0.0024
0.0,0.0,1554.01,ETH-27OCT23,ETH,,3841.0,0.0004,0.000391,,0.0004,0.0,ETH-27OCT23-1000-P,,1554.62,1697373301908,0.0003,ETH,0.0005
0.0,0.0,1558.93,ETH-29DEC23,ETH,,890.0,0.4175,0.417698,,0.376,0.0,ETH-29DEC23-2200-P,,1554.62,1697373301908,0.4125,ETH,0.4225
1237.51,587.0,1554.626447636334,SYN.ETH-16OCT23,ETH,-35.2941,1095.0,0.00095,0.001015,0.0008,0.0011,0.0,ETH-16OCT23-1575-C,0.0023,1554.62,1697373301908,0.0008,ETH,0.0011
13554.34,119.0,1558.96,ETH-29DEC23,ETH,-2.0134,31476.0,0.0725,0.073158,0.0705,0.073,0.0,ETH-29DEC23-1600-P,0.0745,1554.62,1697373301908,0.071,ETH,0.074
36.55,47.0,1554.5973357272503,SYN.ETH-17OCT23,ETH,-33.3333,42.0,0.0005,0.00049,0.0004,0.0004,0.0,ETH-17OCT23-1625-C,0.0006,1554.62,1697373301908,0.0004,ETH,0.0006
15491.2,1401.0,1554.74,ETH-24NOV23,ETH,7.1429,62598.0,0.00725,0.00722,0.0065,0.0075,0.0,ETH-24NOV23-1800-C,0.0075,1554.62,1697373301908,0.007,ETH,0.0075
0.0,0.0,1554.48,ETH-20OCT23,ETH,,16.0,,2e-05,,0.0001,0.0,ETH-20OCT23-800-P,,1554.62,1697373301908,,ETH,0.0005
0.0,0.0,1573.94,ETH-29MAR24,ETH,,1275.0,0.0004,0.00023,,0.0008,0.0,ETH-29MAR24-200-P,,1554.62,1697373301908,0.0001,ETH,0.0007
0.0,0.0,1604.26,ETH-27SEP24,ETH,,585.0,0.0685,0.068529,,0.066,0.0,ETH-27SEP24-1200-P,,1554.62,1697373301908,0.0665,ETH,0.0705
0.0,0.0,1589.12,ETH-28JUN24,ETH,,99.0,0.85755,0.797689,,0.7105,0.0,ETH-28JUN24-2800-P,,1554.62,1697373301909,0.0006,ETH,1.7145
0.0,0.0,1573.94,ETH-29MAR24,ETH,,559.0,1.04605,1.232638,,1.0827,0.0,ETH-29MAR24-3500-P,,1554.62,1697373301909,0.0036,ETH,2.0885
0.0,0.0,1553.98,ETH-27OCT23,ETH,,1666.0,,3e-06,,0.0001,0.0,ETH-27OCT23-3200-C,,1554.62,1697373301909,,ETH,0.0001
0.0,0.0,1554.74,ETH-24NOV23,ETH,,1407.0,0.00075,0.000741,,0.0007,0.0,ETH-24NOV23-800-P,,1554.62,1697373301909,0.0006,ETH,0.0009
27007.33,621.0,1554.74,ETH-24NOV23,ETH,-1.7544,36944.0,0.02775,0.027521,0.026,0.028,0.0,ETH-24NOV23-1600-C,0.0285,1554.62,1697373301909,0.0275,ETH,0.028
0.0,0.0,1589.09,ETH-28JUN24,ETH,,1110.0,0.0005,0.000431,,0.0005,0.0,ETH-28JUN24-200-P,,1554.62,1697373301909,0.0001,ETH,0.0009
0.0,0.0,1554.626447636334,SYN.ETH-16OCT23,ETH,,0.0,0.04575,0.045337,,,0.0,ETH-16OCT23-1625-P,,1554.62,1697373301909,0.043,ETH,0.0485
0.0,0.0,1604.26,ETH-27SEP24,ETH,,127.0,0.08925,0.089331,,0.0885,0.0,ETH-27SEP24-1300-P,,1554.62,1697373301909,0.087,ETH,0.0915
0.0,0.0,1558.96,ETH-29DEC23,ETH,,10060.0,0.17125,0.172363,,0.1749,0.0,ETH-29DEC23-1800-P,,1554.62,1697373301909,0.165,ETH,0.1775
0.0,0.0,1558.93,ETH-29DEC23,ETH,,1109.0,,0.680052,,0.686,0.0,ETH-29DEC23-500-C,,1554.62,1697373301909,0.0001,ETH,
0.0,0.0,1554.01,ETH-27OCT23,ETH,,7759.0,,3.7e-05,,0.0001,0.0,ETH-27OCT23-2500-C,,1554.62,1697373301909,,ETH,0.0001
6.2,10.0,1553.98,ETH-27OCT23,ETH,0.0,1950.0,0.0006,0.000595,0.0004,0.0004,0.0,ETH-27OCT23-1100-P,0.0004,1554.62,1697373301909,0.0005,ETH,0.0007
0.0,0.0,1554.2,SYN.ETH-3NOV23,ETH,,0.0,,0.421134,,,0.0,ETH-3NOV23-900-C,,1554.62,1697373301909,,ETH,
0.0,0.0,1554.48,ETH-20OCT23,ETH,,0.0,,0.543915,,,0.0,ETH-20OCT23-2400-P,,1554.62,1697373301909,,ETH,
0.0,0.0,1554.5973357272503,SYN.ETH-17OCT23,ETH,,0.0,0.132,0.131614,,,0.0,ETH-17OCT23-1350-C,,1554.62,1697373301909,0.1295,ETH,0.1345
93.38,66.0,1553.98,ETH-27OCT23,ETH,-22.2222,5787.0,0.00085,0.000837,0.0007,0.0007,0.0,ETH-27OCT23-1850-C,0.001,1554.62,1697373301909,0.0007,ETH,0.001
0.0,0.0,1589.12,ETH-28JUN24,ETH,,1291.0,0.70205,0.503798,,0.49,0.0,ETH-28JUN24-2300-P,,1554.62,1697373301909,0.0001,ETH,1.404
0.0,0.0,1553.98,ETH-27OCT23,ETH,,679.0,,1e-06,,0.0001,0.0,ETH-27OCT23-3400-C,,1554.62,1697373301909,,ETH,0.0001
7902.36,634.0,1554.2,SYN.ETH-3NOV23,ETH,6.25,3658.0,0.00825,0.008381,0.0075,0.0085,0.0,ETH-3NOV23-1650-C,0.0085,1554.62,1697373301909,0.008,ETH,0.0085
2801.55,434.0,1554.48,ETH-20OCT23,ETH,-11.1111,15835.0,0.0042,0.004211,0.0036,0.004,0.0,ETH-20OCT23-1600-C,0.005,1554.62,1697373301909,0.004,ETH,0.0044
0.0,0.0,1573.94,ETH-29MAR24,ETH,,19.0,0.7058,0.548808,,0.241,0.0,ETH-29MAR24-2400-P,,1554.62,1697373301909,0.0001,ETH,1.4115
0.78,1.0,1554.77,ETH-24NOV23,ETH,0.0,856.0,0.0006,0.000574,0.0005,0.0005,0.0,ETH-24NOV23-2600-C,0.0005,1554.62,1697373301909,0.0004,ETH,0.0008
0.0,0.0,1558.93,ETH-29DEC23,ETH,,1239.0,,0.00011,,0.0001,0.0,ETH-29DEC23-6500-C,,1554.62,1697373301909,,ETH,0.0006
0.0,0.0,1554.01,ETH-27OCT23,ETH,,52.0,0.5168,0.866176,,0.7365,0.0,ETH-27OCT23-2900-P,,1554.62,1697373301909,0.0001,ETH,1.0335
0.0,0.0,1554.2,SYN.ETH-3NOV23,ETH,,55.0,0.00025,0.000236,,0.0001,0.0,ETH-3NOV23-2400-C,,1554.62,1697373301909,0.0001,ETH,0.0004
0.0,0.0,1558.93,ETH-29DEC23,ETH,,3737.0,,1.3e-05,,0.0002,0.0,ETH-29DEC23-200-P,,1554.62,1697373301909,,ETH,0.0003
16915.31,1092.0,1558.93,ETH-29DEC23,ETH,10.5263,46344.0,0.01025,0.009995,0.0095,0.0105,0.0,ETH-29DEC23-2000-C,0.011,1554.62,1697373301909,0.01,ETH,0.0105
1297.48,12.0,1604.26,ETH-27SEP24,ETH,1.4493,416.0,0.069,0.068925,0.069,0.07,0.0,ETH-27SEP24-2500-C,0.07,1554.62,1697373301909,0.066,ETH,0.072
255.41,331.0,1554.626447636334,SYN.ETH-16OCT23,ETH,-25.0,923.0,0.00045,0.000395,0.0002,0.0003,0.0,ETH-16OCT23-1600-C,0.0008,1554.62,1697373301909,0.0003,ETH,0.0006
0.0,0.0,1554.2,SYN.ETH-3NOV23,ETH,,0.0,0.10575,0.105837,,,0.0,ETH-3NOV23-1400-C,,1554.62,1697373301909,0.1015,ETH,0.11
0.0,0.0,1604.26,ETH-27SEP24,ETH,,0.0,,0.32052,,,0.0,ETH-27SEP24-1200-C,,1554.62,1697373301909,,ETH,
0.0,0.0,1573.94,ETH-29MAR24,ETH,,9246.0,0.009,0.008919,,0.0075,0.0,ETH-29MAR24-3500-C,,1554.62,1697373301909,0.0075,ETH,0.0105
0.0,0.0,1554.2,SYN.ETH-3NOV23,ETH,,0.0,0.41575,0.415793,,,0.0,ETH-3NOV23-2200-P,,1554.62,1697373301909,0.411,ETH,0.4205
3.74,3.0,1554.5682238181669,SYN.ETH-18OCT23,ETH,0.0,3.0,0.00095,0.00093,0.0008,0.0008,0.0,ETH-18OCT23-1625-C,0.0008,1554.62,1697373301909,0.0008,ETH,0.0011
2897.34,668.0,1554.5973357272503,SYN.ETH-17OCT23,ETH,-26.4706,596.0,0.0024,0.002381,0.0019,0.0025,0.0,ETH-17OCT23-1525-P,0.0034,1554.62,1697373301909,0.0022,ETH,0.0026
7696.66,1143.0,1554.626447636334,SYN.ETH-16OCT23,ETH,-52.3077,1679.0,0.0033,0.003263,0.0022,0.0031,0.0,ETH-16OCT23-1550-P,0.0065,1554.62,1697373301909,0.003,ETH,0.0036
0.0,0.0,1604.26,ETH-27SEP24,ETH,,0.0,,0.278988,,,0.0,ETH-27SEP24-1300-C,,1554.62,1697373301909,,ETH,0.987
4056.94,437.0,1553.98,ETH-27OCT23,ETH,-7.6923,8410.0,0.00625,0.006094,0.005,0.006,0.0,ETH-27OCT23-1450-P,0.0065,1554.62,1697373301909,0.006,ETH,0.0065
0.0,0.0,1604.26,ETH-27SEP24,ETH,,0.0,,0.754672,,,0.0,ETH-27SEP24-400-C,,1554.62,1697373301909,,ETH,
0.0,0.0,1589.12,ETH-28JUN24,ETH,,0.0,,0.874573,,,0.0,ETH-28JUN24-200-C,,1554.62,1697373301909,0.0001,ETH,
21521.49,1047.0,1558.93,ETH-29DEC23,ETH,4.1667,126219.0,0.013,0.012983,0.0115,0.0125,0.0,ETH-29DEC23-1900-C,0.014,1554.62,1697373301909,0.0125,ETH,0.0135
0.31,2.0,1554.48,ETH-20OCT23,ETH,0.0,12580.0,,2.3e-05,0.0001,0.0001,0.0,ETH-20OCT23-2000-C,0.0001,1554.62,1697373301909,,ETH,0.0001
14050.68,197.0,1558.93,ETH-29DEC23,ETH,5.5556,31105.0,0.047,0.046825,0.045,0.0475,0.0,ETH-29DEC23-1600-C,0.048,1554.62,1697373301909,0.0465,ETH,0.0475
0.0,0.0,1573.94,ETH-29MAR24,ETH,,6212.0,0.0037,0.003622,,0.0032,0.0,ETH-29MAR24-5000-C,,1554.62,1697373301909,0.0028,ETH,0.0046
0.0,0.0,1573.91,ETH-29MAR24,ETH,,37046.0,0.0155,0.015345,,0.0145,0.0,ETH-29MAR24-2800-C,,1554.62,1697373301909,0.014,ETH,0.017
0.0,0.0,1604.26,ETH-27SEP24,ETH,,65.0,0.2125,0.209455,,0.203,0.0,ETH-27SEP24-1500-C,,1554.62,1697373301909,0.2015,ETH,0.2235
0.0,0.0,1554.74,ETH-24NOV23,ETH,,0.0,,1.187116,,,0.0,ETH-24NOV23-3400-P,,1554.62,1697373301909,,ETH,
0.0,0.0,1554.626447636334,SYN.ETH-16OCT23,ETH,,3.0,0.094,0.09352,,0.1,0.0,ETH-16OCT23-1700-P,,1554.62,1697373301909,0.091,ETH,0.097
0.0,0.0,1554.48,ETH-20OCT23,ETH,,251.0,0.1275,0.126266,,0.1075,0.0,ETH-20OCT23-1750-P,,1554.62,1697373301909,0.1245,ETH,0.1305
4.04,3.0,1553.98,ETH-27OCT23,ETH,25.0,8635.0,0.00095,0.000977,0.0008,0.001,0.0,ETH-27OCT23-1200-P,0.001,1554.62,1697373301909,0.0009,ETH,0.001
243.53,2.0,1573.94,ETH-29MAR24,ETH,1.9355,10389.0,0.07975,0.07975,0.0775,0.079,0.0,ETH-29MAR24-1700-C,0.079,1554.62,1697373301909,0.078,ETH,0.0815
0.0,0.0,1554.626447636334,SYN.ETH-16OCT23,ETH,,1.0,0.062,0.061361,,0.07,0.0,ETH-16OCT23-1650-P,,1554.62,1697373301909,0.059,ETH,0.065
365.09,165.0,1554.48,ETH-20OCT23,ETH,-18.75,6627.0,0.0013,0.0013,0.001,0.0013,0.0,ETH-20OCT23-1400-P,0.0016,1554.62,1697373301909,0.0012,ETH,0.0014
465.29,37.0,1554.5682238181669,SYN.ETH-18OCT23,ETH,6.25,37.0,0.00875,0.008629,0.0075,0.0085,0.0,ETH-18OCT23-1550-P,0.0085,1554.62,1697373301909,0.0085,ETH,0.009
0.0,0.0,1554.74,ETH-24NOV23,ETH,,0.0,,0.929847,,,0.0,ETH-24NOV23-3000-P,,1554.62,1697373301909,,ETH,
0.0,0.0,1589.12,ETH-28JUN24,ETH,,1788.0,0.9193,0.919282,,0.825,0.0,ETH-28JUN24-3000-P,,1554.62,1697373301909,0.0001,ETH,1.8385
0.0,0.0,1554.5682238181669,SYN.ETH-18OCT23,ETH,,0.0,0.09425,0.0937,,,0.0,ETH-18OCT23-1700-P,,1554.62,1697373301909,0.091,ETH,0.0975
4237.01,41.0,1554.01,ETH-27OCT23,ETH,0.0,8562.0,0.067,0.066954,0.0665,0.0665,0.0,ETH-27OCT23-1650-P,0.0665,1554.62,1697373301909,0.0635,ETH,0.0705
0.0,0.0,1573.94,ETH-29MAR24,ETH,,344.0,0.3502,0.609144,,0.5665,0.0,ETH-29MAR24-2500-P,,1554.62,1697373301909,0.0004,ETH,0.7
914.13,100.0,1573.94,ETH-29MAR24,ETH,0.0,3915.0,0.0065,0.006386,0.0059,0.0059,0.0,ETH-29MAR24-4000-C,0.0059,1554.62,1697373301909,0.005,ETH,0.008
24.56,3.0,1558.93,ETH-29DEC23,ETH,0.0,32900.0,0.00525,0.005386,0.0048,0.0055,0.0,ETH-29DEC23-2300-C,0.0055,1554.62,1697373301909,0.005,ETH,0.0055
0.0,0.0,1554.5973357272503,SYN.ETH-17OCT23,ETH,,43.0,,6e-06,,0.0002,0.0,ETH-17OCT23-1350-P,,1554.62,1697373301909,,ETH,0.0001
4.67,15.0,1554.5973357272503,SYN.ETH-17OCT23,ETH,0.0,99.0,,9e-05,0.0002,0.0002,0.0,ETH-17OCT23-1400-P,0.0002,1554.62,1697373301909,,ETH,0.0001
0.0,0.0,1554.01,ETH-27OCT23,ETH,,4143.0,0.16,0.159545,,0.1465,0.0,ETH-27OCT23-1800-P,,1554.62,1697373301909,0.1565,ETH,0.1635
0.0,0.0,1604.26,ETH-27SEP24,ETH,,95.0,0.00055,0.000519,,0.0008,0.0,ETH-27SEP24-200-P,,1554.62,1697373301910,0.0001,ETH,0.001
0.0,0.0,1554.626447636334,SYN.ETH-16OCT23,ETH,,0.0,0.1255,0.125673,,,0.0,ETH-16OCT23-1750-P,,1554.62,1697373301910,0.1225,ETH,0.1285
0.0,0.0,1558.96,ETH-29DEC23,ETH,,711.0,0.18325,0.183364,,0.2365,0.0,ETH-29DEC23-1300-C,,1554.62,1697373301910,0.178,ETH,0.1885
0.0,0.0,1554.77,ETH-24NOV23,ETH,,113.0,0.22725,0.226747,,0.2394,0.0,ETH-24NOV23-1900-P,,1554.62,1697373301910,0.223,ETH,0.2315
537.08,3.0,1573.94,ETH-29MAR24,ETH,0.0,4837.0,0.11825,0.118684,0.115,0.115,0.0,ETH-29MAR24-1600-P,0.115,1554.62,1697373301910,0.1165,ETH,0.12
0.0,0.0,1554.5973357272503,SYN.ETH-17OCT23,ETH,,0.0,0.05225,0.051751,,,0.0,ETH-17OCT23-1475-C,,1554.62,1697373301910,0.049,ETH,0.0555
0.0,0.0,1589.12,ETH-28JUN24,ETH,,907.0,,0.239635,,0.2605,0.0,ETH-28JUN24-1800-P,,1554.62,1697373301910,,ETH,1.0945
0.0,0.0,1604.26,ETH-27SEP24,ETH,,362.0,0.02025,0.020069,,0.0255,0.0,ETH-27SEP24-5000-C,,1554.62,1697373301910,0.0195,ETH,0.021
0.0,0.0,1554.2,SYN.ETH-3NOV23,ETH,,0.0,,0.485478,,,0.0,ETH-3NOV23-800-C,,1554.62,1697373301910,,ETH,
0.0,0.0,1604.23,ETH-27SEP24,ETH,,0.0,0.58325,0.24219,,,0.0,ETH-27SEP24-1400-C,,1554.62,1697373301910,0.18,ETH,0.9865
0.0,0.0,1554.2,SYN.ETH-3NOV23,ETH,,0.0,0.0765,0.076711,,,0.0,ETH-3NOV23-1450-C,,1554.62,1697373301910,0.072,ETH,0.081
0.0,0.0,1554.77,ETH-24NOV23,ETH,,0.0,,0.614299,,,0.0,ETH-24NOV23-600-C,,1554.62,1697373301910,,ETH,
1872.75,387.0,1554.5973357272503,SYN.ETH-17OCT23,ETH,-3.5714,356.0,0.0028,0.002811,0.0027,0.0027,0.0,ETH-17OCT23-1575-C,0.0046,1554.62,1697373301910,0.0026,ETH,0.003
0.0,0.0,1573.94,ETH-29MAR24,ETH,,2670.0,0.00115,0.001108,,0.0014,0.0,ETH-29MAR24-7500-C,,1554.62,1697373301910,0.0008,ETH,0.0015
0.0,0.0,1554.2,SYN.ETH-3NOV23,ETH,,82.0,0.00075,0.000737,,0.0009,0.0,ETH-3NOV23-2000-C,,1554.62,1697373301910,0.0006,ETH,0.0009
0.0,0.0,1554.51,ETH-20OCT23,ETH,,0.0,,0.929893,,,0.0,ETH-20OCT23-3000-P,,1554.62,1697373301910,,ETH,
0.0,0.0,1554.01,ETH-27OCT23,ETH,,14.0,0.40655,0.608799,,0.3435,0.0,ETH-27OCT23-2500-P,,1554.62,1697373301910,0.0001,ETH,0.813
0.0,0.0,1554.51,ETH-20OCT23,ETH,,6.0,0.15825,0.158202,,0.0565,0.0,ETH-20OCT23-1800-P,,1554.62,1697373301910,0.1545,ETH,0.162
250.94,101.0,1573.94,ETH-29MAR24,ETH,45.4545,3161.0,0.0015,0.001477,0.0011,0.0016,0.0,ETH-29MAR24-6500-C,0.0016,1554.62,1697373301910,0.0012,ETH,0.0018
1554.75,105.0,1554.2,SYN.ETH-3NOV23,ETH,-5.0,1680.0,0.00975,0.009671,0.0095,0.0095,0.0,ETH-3NOV23-1450-P,0.01,1554.62,1697373301910,0.0095,ETH,0.01
0.0,0.0,1554.2,SYN.ETH-3NOV23,ETH,,0.0,,6.5e-05,,,0.0,ETH-3NOV23-2800-C,,1554.62,1697373301910,,ETH,0.0005
281.51,1.0,1604.23,ETH-27SEP24,ETH,0.0,122.0,0.17825,0.178271,0.1815,0.1815,0.0,ETH-27SEP24-1600-P,0.1815,1554.62,1697373301910,0.175,ETH,0.1815
5396.75,129.0,1554.74,ETH-24NOV23,ETH,-3.6364,28049.0,0.0275,0.027399,0.026,0.0265,0.0,ETH-24NOV23-1500-P,0.0275,1554.62,1697373301910,0.027,ETH,0.028
74.68,1.0,1589.12,ETH-28JUN24,ETH,0.0,3096.0,0.047,0.046941,0.048,0.048,0.0,ETH-28JUN24-2500-C,0.048,1554.62,1697373301910,0.045,ETH,0.049
3.11,20.0,1554.48,ETH-20OCT23,ETH,0.0,479.0,,2.2e-05,0.0001,0.0001,0.0,ETH-20OCT23-1000-P,0.0001,1554.62,1697373301910,,ETH,0.0002
465.02,46.0,1554.2,SYN.ETH-3NOV23,ETH,0.0,1575.0,0.00675,0.006625,0.0065,0.0065,0.0,ETH-3NOV23-1400-P,0.0065,1554.62,1697373301910,0.0065,ETH,0.007
0.0,0.0,1554.01,ETH-27OCT23,ETH,,14.0,0.35355,0.480192,,0.416,0.0,ETH-27OCT23-2300-P,,1554.62,1697373301910,0.0001,ETH,0.707
0.0,0.0,1573.94,ETH-29MAR24,ETH,,1681.0,0.0028,0.002736,,0.0029,0.0,ETH-29MAR24-5500-C,,1554.62,1697373301910,0.0021,ETH,0.0035
0.0,0.0,1554.2,SYN.ETH-3NOV23,ETH,,23.0,0.00085,0.000843,,0.0007,0.0,ETH-3NOV23-1100-P,,1554.62,1697373301910,0.0007,ETH,0.001
0.0,0.0,1554.74,ETH-24NOV23,ETH,,0.0,,0.486188,,,0.0,ETH-24NOV23-800-C,,1554.62,1697373301910,,ETH,
0.0,0.0,1558.96,ETH-29DEC23,ETH,,6402.0,0.2915,0.292916,,0.298,0.0,ETH-29DEC23-2000-P,,1554.62,1697373301910,0.285,ETH,0.298
0.0,0.0,1573.94,ETH-29MAR24,ETH,,1120.0,0.00825,0.008151,,0.008,0.0,ETH-29MAR24-800-P,,1554.62,1697373301910,0.0075,ETH,0.009
0.0,0.0,1573.94,ETH-29MAR24,ETH,,0.0,,3.448608,,,0.0,ETH-29MAR24-7000-P,,1554.62,1697373301910,,ETH,
0.0,0.0,1589.12,ETH-28JUN24,ETH,,50.0,,0.252437,,0.291,0.0,ETH-28JUN24-1300-C,,1554.62,1697373301910,0.0001,ETH,
0.0,0.0,1554.77,ETH-24NOV23,ETH,,798.0,0.00035,0.000277,,0.0004,0.0,ETH-24NOV23-3000-C,,1554.62,1697373301910,0.0002,ETH,0.0005
0.0,0.0,1554.51,ETH-20OCT23,ETH,,0.0,,0.350937,,,0.0,ETH-20OCT23-2100-P,,1554.62,1697373301910,,ETH,
289.03,142.0,1554.48,ETH-20OCT23,ETH,0.0,11219.0,0.0014,0.00142,0.0011,0.0015,0.0,ETH-20OCT23-1650-C,0.0015,1554.62,1697373301910,0.0012,ETH,0.0016
0.0,0.0,1589.12,ETH-28JUN24,ETH,,5303.0,0.12125,0.121356,,0.124,0.0,ETH-28JUN24-1500-P,,1554.62,1697373301910,0.119,ETH,0.1235
0.0,0.0,1554.2,SYN.ETH-3NOV23,ETH,,0.0,,0.673005,,,0.0,ETH-3NOV23-2600-P,,1554.62,1697373301910,,ETH,
0.0,0.0,1604.26,ETH-27SEP24,ETH,,98.0,0.19055,0.356036,,0.378,0.0,ETH-27SEP24-2000-P,,1554.62,1697373301910,0.0001,ETH,0.381
211.62,8.0,1554.5682238181669,SYN.ETH-18OCT23,ETH,0.0,8.0,0.018,0.017903,0.017,0.017,0.0,ETH-18OCT23-1575-P,0.017,1554.62,1697373301910,0.0165,ETH,0.0195
0.0,0.0,1554.48,ETH-20OCT23,ETH,,465.0,,0.0,,0.0002,0.0,ETH-20OCT23-2600-C,,1554.62,1697373301910,,ETH,0.0006
0.0,0.0,1554.5973357272503,SYN.ETH-17OCT23,ETH,,0.0,,3.4e-05,,,0.0,ETH-17OCT23-1750-C,,1554.62,1697373301910,,ETH,0.0001
0.0,0.0,1554.2,SYN.ETH-3NOV23,ETH,,0.0,0.136,0.136103,,,0.0,ETH-3NOV23-1350-C,,1554.62,1697373301910,0.132,ETH,0.14
0.0,0.0,1554.5682238181669,SYN.ETH-18OCT23,ETH,,0.0,0.158,0.157951,,,0.0,ETH-18OCT23-1800-P,,1554.62,1697373301910,0.155,ETH,0.161
0.0,0.0,1554.48,ETH-20OCT23,ETH,,623.0,,1.2e-05,,0.0001,0.0,ETH-20OCT23-2100-C,,1554.62,1697373301910,,ETH,0.0001
0.0,0.0,1554.48,ETH-20OCT23,ETH,,119.0,0.0395,0.039614,,0.039,0.0,ETH-20OCT23-1500-C,,1554.62,1697373301910,0.0355,ETH,0.0435
0.0,0.0,1589.12,ETH-28JUN24,ETH,,0.0,,1.53485,,,0.0,ETH-28JUN24-4000-P,,1554.62,1697373301910,0.0008,ETH,
0.0,0.0,1554.01,ETH-27OCT23,ETH,,3417.0,0.28775,0.287455,,0.22,0.0,ETH-27OCT23-2000-P,,1554.62,1697373301910,0.284,ETH,0.2915
1.55,1.0,1573.94,ETH-29MAR24,ETH,0.0,1482.0,0.0009,0.000795,0.001,0.001,0.0,ETH-29MAR24-400-P,0.001,1554.62,1697373301910,0.0004,ETH,0.0014
2086.18,190.0,1554.626447636334,SYN.ETH-16OCT23,ETH,27.2727,893.0,0.006,0.006231,0.0055,0.007,0.0,ETH-16OCT23-1550-C,0.0085,1554.62,1697373301910,0.0055,ETH,0.0065
167.13,9.0,1573.94,ETH-29MAR24,ETH,0.0,39157.0,0.01325,0.013208,0.012,0.012,0.0,ETH-29MAR24-3000-C,0.012,1554.62,1697373301910,0.012,ETH,0.0145
0.0,0.0,1554.77,ETH-24NOV23,ETH,,0.0,,1.315657,,,0.0,ETH-24NOV23-3600-P,,1554.62,1697373301910,,ETH,
0.0,0.0,1554.5973357272503,SYN.ETH-17OCT23,ETH,,0.0,0.0365,0.036098,,,0.0,ETH-17OCT23-1500-C,,1554.62,1697373301910,0.033,ETH,0.04
15.55,50.0,1554.5682238181669,SYN.ETH-18OCT23,ETH,0.0,50.0,,0.000252,0.0002,0.0002,0.0,ETH-18OCT23-1350-P,0.0002,1554.62,1697373301910,,ETH,0.0004
0.0,0.0,1589.12,ETH-28JUN24,ETH,,0.0,,2.158343,,,0.0,ETH-28JUN24-5000-P,,1554.62,1697373301910,,ETH,
264.43,1.0,1589.12,ETH-28JUN24,ETH,0.0,1304.0,0.17925,0.177419,0.172,0.172,0.0,ETH-28JUN24-1500-C,0.172,1554.62,1697373301910,0.1755,ETH,0.183
0.0,0.0,1573.94,ETH-29MAR24,ETH,,8274.0,0.031,0.030963,,0.0285,0.0,ETH-29MAR24-2200-C,,1554.62,1697373301910,0.0295,ETH,0.0325
0.0,0.0,1554.77,ETH-24NOV23,ETH,,20663.0,0.056,0.056621,,0.0605,0.0,ETH-24NOV23-1600-P,,1554.62,1697373301910,0.055,ETH,0.057
0.0,0.0,1554.5682238181669,SYN.ETH-18OCT23,ETH,,0.0,0.1,0.09974,,,0.0,ETH-18OCT23-1400-C,,1554.62,1697373301910,0.097,ETH,0.103
0.0,0.0,1589.09,ETH-28JUN24,ETH,,22124.0,0.01775,0.017686,,0.016,0.0,ETH-28JUN24-4000-C,,1554.62,1697373301911,0.016,ETH,0.0195
9.96,2.0,1554.2,SYN.ETH-3NOV23,ETH,0.0,1379.0,0.00335,0.003328,0.0032,0.0032,0.0,ETH-3NOV23-1300-P,0.0032,1554.62,1697373301911,0.0032,ETH,0.0035
6642.02,47.0,1589.12,ETH-28JUN24,ETH,2.2472,5941.0,0.09225,0.092188,0.089,0.091,0.0,ETH-28JUN24-1900-C,0.091,1554.62,1697373301911,0.091,ETH,0.0935
0.0,0.0,1558.96,ETH-29DEC23,ETH,,0.0,1.8488,3.16961,,,0.0,ETH-29DEC23-6500-P,,1554.62,1697373301911,0.0001,ETH,3.6975
0.0,0.0,1604.26,ETH-27SEP24,ETH,,0.0,,0.635902,,,0.0,ETH-27SEP24-600-C,,1554.62,1697373301911,,ETH,
0.0,0.0,1554.77,ETH-24NOV23,ETH,,2.0,0.3535,0.353008,,0.335,0.0,ETH-24NOV23-2100-P,,1554.62,1697373301911,0.349,ETH,0.358
0.0,0.0,1554.626447636334,SYN.ETH-16OCT23,ETH,,0.0,0.03,0.029582,,,0.0,ETH-16OCT23-1600-P,,1554.62,1697373301911,0.027,ETH,0.033
23.14,36.0,1553.98,ETH-27OCT23,ETH,-20.0,72444.0,0.00045,0.000446,0.0004,0.0004,0.0,ETH-27OCT23-2000-C,0.0005,1554.62,1697373301911,0.0004,ETH,0.0005
3.57,5.0,1554.48,ETH-20OCT23,ETH,25.0,10126.0,0.0005,0.000495,0.0004,0.0005,0.0,ETH-20OCT23-1750-C,0.0005,1554.62,1697373301911,0.0004,ETH,0.0006
0.0,0.0,1604.26,ETH-27SEP24,ETH,,1072.0,0.139,0.138977,,0.14,0.0,ETH-27SEP24-1800-C,,1554.62,1697373301911,0.137,ETH,0.141
3286.75,77.0,1558.93,ETH-29DEC23,ETH,-1.8182,50368.0,0.02675,0.026581,0.027,0.027,0.0,ETH-29DEC23-1400-P,0.028,1554.62,1697373301911,0.026,ETH,0.0275
0.0,0.0,1558.96,ETH-29DEC23,ETH,,0.0,,1.886935,,,0.0,ETH-29DEC23-4500-P,,1554.62,1697373301911,,ETH,2.4735
422.58,70.0,1554.74,ETH-24NOV23,ETH,-8.5714,29846.0,0.0033,0.00328,0.0032,0.0032,0.0,ETH-24NOV23-2000-C,0.004,1554.62,1697373301911,0.0031,ETH,0.0035
0.0,0.0,1554.01,ETH-27OCT23,ETH,,0.0,,0.544466,,,0.0,ETH-27OCT23-2400-P,,1554.62,1697373301911,,ETH,0.7595
0.0,0.0,1554.01,ETH-27OCT23,ETH,,6.0,0.2285,0.228772,,0.262,0.0,ETH-27OCT23-1200-C,,1554.62,1697373301911,0.226,ETH,0.231
0.0,0.0,1554.48,ETH-20OCT23,ETH,,0.0,0.19025,0.190324,,,0.0,ETH-20OCT23-1850-P,,1554.62,1697373301911,0.187,ETH,0.1935
0.0,0.0,1558.96,ETH-29DEC23,ETH,,21.0,0.302,0.302146,,0.438,0.0,ETH-29DEC23-1100-C,,1554.62,1697373301911,0.2975,ETH,0.3065
0.0,0.0,1554.74,ETH-24NOV23,ETH,,0.0,,0.672868,,,0.0,ETH-24NOV23-2600-P,,1554.62,1697373301911,,ETH,1.154
0.0,0.0,1554.51,ETH-20OCT23,ETH,,0.0,,0.421048,,,0.0,ETH-20OCT23-900-C,,1554.62,1697373301911,,ETH,
0.0,0.0,1554.74,ETH-24NOV23,ETH,,36.0,0.54905,0.608689,,0.4295,0.0,ETH-24NOV23-2500-P,,1554.62,1697373301911,0.0001,ETH,1.098
0.0,0.0,1554.51,ETH-20OCT23,ETH,,60.0,0.22825,0.228362,,0.2264,0.0,ETH-20OCT23-1200-C,,1554.62,1697373301911,0.226,ETH,0.2305
0.0,0.0,1554.77,ETH-24NOV23,ETH,,0.0,0.23375,0.23393,,,0.0,ETH-24NOV23-1200-C,,1554.62,1697373301911,0.2295,ETH,0.238
15.22,98.0,1554.48,ETH-20OCT23,ETH,0.0,8718.0,,8.1e-05,0.0001,0.0001,0.0,ETH-20OCT23-1900-C,0.0001,1554.62,1697373301911,,ETH,0.0004
0.0,0.0,1554.01,ETH-27OCT23,ETH,,103.0,0.54505,0.930523,,0.707,0.0,ETH-27OCT23-3000-P,,1554.62,1697373301911,0.0001,ETH,1.09
0.0,0.0,1573.94,ETH-29MAR24,ETH,,0.0,,3.13124,,,0.0,ETH-29MAR24-6500-P,,1554.62,1697373301911,,ETH,
2.49,15.0,1554.626447636334,SYN.ETH-16OCT23,ETH,-50.0,373.0,,1.7e-05,0.0001,0.0001,0.0,ETH-16OCT23-1450-P,0.0002,1554.62,1697373301911,,ETH,0.0005
971.3,13.0,1554.2,SYN.ETH-3NOV23,ETH,-1.0309,117.0,0.04525,0.044993,0.048,0.048,0.0,ETH-3NOV23-1600-P,0.0485,1554.62,1697373301911,0.044,ETH,0.0465
0.0,0.0,1554.2,SYN.ETH-3NOV23,ETH,,0.0,,0.614049,,,0.0,ETH-3NOV23-600-C,,1554.62,1697373301911,,ETH,
0.0,0.0,1554.48,ETH-20OCT23,ETH,,2972.0,0.063,0.062861,,0.061,0.0,ETH-20OCT23-1650-P,,1554.62,1697373301911,0.06,ETH,0.066
0.0,0.0,1554.74,ETH-24NOV23,ETH,,0.0,,0.54454,,,0.0,ETH-24NOV23-2400-P,,1554.62,1697373301911,,ETH,1.0425
0.0,0.0,1589.12,ETH-28JUN24,ETH,,302.0,0.73305,0.560972,,0.47,0.0,ETH-28JUN24-2400-P,,1554.62,1697373301911,0.0001,ETH,1.466
0.0,0.0,1604.23,ETH-27SEP24,ETH,,0.0,,1.829345,,,0.0,ETH-27SEP24-4500-P,,1554.62,1697373301911,,ETH,
0.0,0.0,1554.01,ETH-27OCT23,ETH,,836.0,0.04525,0.045456,,0.0385,0.0,ETH-27OCT23-1500-C,,1554.62,1697373301911,0.041,ETH,0.0495
0.0,0.0,1554.01,ETH-27OCT23,ETH,,0.0,,0.673134,,,0.0,ETH-27OCT23-2600-P,,1554.62,1697373301911,,ETH,0.867
145.71,1.0,1553.98,ETH-27OCT23,ETH,0.0,18787.0,0.097,0.096661,0.0935,0.0935,0.0,ETH-27OCT23-1700-P,0.0935,1554.62,1697373301911,0.0935,ETH,0.1005
38.54,6.0,1558.93,ETH-29DEC23,ETH,-2.5,31060.0,0.0043,0.004399,0.0039,0.0039,0.0,ETH-29DEC23-2400-C,0.0045,1554.62,1697373301911,0.0041,ETH,0.0045
106.78,133.0,1554.5973357272503,SYN.ETH-17OCT23,ETH,-55.5556,179.0,0.00055,0.000551,0.0004,0.0004,0.0,ETH-17OCT23-1475-P,0.0009,1554.62,1697373301911,0.0004,ETH,0.0007
3340.93,127.0,1558.93,ETH-29DEC23,ETH,3.0303,59859.0,0.01775,0.017734,0.016,0.017,0.0,ETH-29DEC23-1800-C,0.0175,1554.62,1697373301911,0.0175,ETH,0.018
0.0,0.0,1573.94,ETH-29MAR24,ETH,,0.0,,3.76622,,,0.0,ETH-29MAR24-7500-P,,1554.62,1697373301911,,ETH,
24013.1,900.0,1554.74,ETH-24NOV23,ETH,2.8571,214623.0,0.018,0.01795,0.017,0.018,0.0,ETH-24NOV23-1650-C,0.0185,1554.62,1697373301911,0.0175,ETH,0.0185
33.11,12.0,1554.74,ETH-24NOV23,ETH,0.0,2936.0,0.00175,0.001721,0.0017,0.0017,0.0,ETH-24NOV23-2200-C,0.0019,1554.62,1697373301911,0.0016,ETH,0.0019
0.0,0.0,1554.51,ETH-20OCT23,ETH,,0.0,,0.672574,,,0.0,ETH-20OCT23-2600-P,,1554.62,1697373301911,,ETH,
0.0,0.0,1558.96,ETH-29DEC23,ETH,,583.0,0.78705,0.926115,,0.8735,0.0,ETH-29DEC23-3000-P,,1554.62,1697373301911,0.0001,ETH,1.574
1.25,2.0,1554.5682238181669,SYN.ETH-18OCT23,ETH,0.0,2.0,0.0005,0.000491,0.0004,0.0004,0.0,ETH-18OCT23-1650-C,0.0004,1554.62,1697373301911,0.0004,ETH,0.0006
0.0,0.0,1554.5973357272503,SYN.ETH-17OCT23,ETH,,0.0,0.016,0.01594,,,0.0,ETH-17OCT23-1575-P,,1554.62,1697373301911,0.012,ETH,0.02
